title,year,runtime,genre,imdb_rating,votes,certificate,metascore,gross
Побег из Шоушенка,1994,142,['Drama'],9.3,2751184,16+,82,28341469
Тёмный рыцарь,2008,152,"['Action', 'Crime', 'Drama']",9.0,2723913,14+,84,534858444
Начало,2010,148,"['Action', 'Adventure', 'Sci-Fi']",8.8,2417730,12+,74,292576195
Бойцовский клуб,1999,139,['Drama'],8.8,2190763,18+,66,37030102
Форрест Гамп,1994,142,"['Drama', 'Romance']",8.8,2140265,0+,82,330252182
Криминальное чтиво,1994,154,"['Crime', 'Drama']",8.9,2113490,18+,95,107928762
Матрица,1999,136,"['Action', 'Sci-Fi']",8.7,1961329,16+,73,171479930
Властелин колец: Братство кольца,2001,178,"['Action', 'Adventure', 'Drama']",8.8,1918844,12+,92,315544750
Интерстеллар,2014,169,"['Adventure', 'Drama', 'Sci-Fi']",8.7,1916682,12+,74,188020017
Крёстный отец,1972,175,"['Crime', 'Drama']",9.2,1913731,16+,100,134966411
Властелин колец: Возвращение короля,2003,201,"['Action', 'Adventure', 'Drama']",9.0,1890236,12+,94,377845905
Тёмный рыцарь: Возрождение легенды,2012,164,"['Action', 'Drama', 'Thriller']",8.4,1744590,12+,78,448139099
Властелин колец: Две крепости,2002,179,"['Action', 'Adventure', 'Drama']",8.8,1706027,12+,87,342551365
Семь,1995,127,"['Crime', 'Drama', 'Mystery']",8.6,1701148,18+,65,100125643
Джанго освобожденный,2012,165,"['Drama', 'Western']",8.4,1602670,18+,81,162805434
Гладиатор,2000,155,"['Action', 'Adventure', 'Drama']",8.5,1538692,18+,67,187705427
Бэтмен: Начало,2005,140,"['Action', 'Crime', 'Drama']",8.2,1505767,12+,70,206852432
Бесславные ублюдки,2009,153,"['Adventure', 'Drama', 'War']",8.3,1494855,18+,69,120540719
Молчание ягнят,1991,118,"['Crime', 'Drama', 'Thriller']",8.6,1470095,18+,86,130742922
Волк с Уолл-стрит,2013,180,"['Biography', 'Comedy', 'Crime']",8.2,1466836,18+,75,116900694
Спасти рядового Райана,1998,169,"['Drama', 'War']",8.6,1425947,16+,91,216540909
Мстители,2012,143,"['Action', 'Sci-Fi']",8.0,1417921,12+,69,623279547
Звёздные войны. Эпизод 4: Новая надежда,1977,121,"['Action', 'Adventure', 'Fantasy']",8.6,1395795,0+,90,322740140
Список Шиндлера,1993,195,"['Biography', 'Drama', 'History']",9.0,1387378,16+,95,96898818
Престиж,2006,130,"['Drama', 'Mystery', 'Sci-Fi']",8.5,1366945,12+,66,53089891
Остров проклятых,2010,138,"['Mystery', 'Thriller']",8.2,1364115,16+,63,128012934
Джокер,2019,122,"['Crime', 'Drama', 'Thriller']",8.4,1358733,18+,59,335451311
Отступники,2006,151,"['Crime', 'Drama', 'Thriller']",8.5,1358666,16+,85,132384315
Аватар,2009,162,"['Action', 'Adventure', 'Fantasy']",7.9,1344465,12+,83,760507625
Зелёная миля,1999,189,"['Crime', 'Drama', 'Fantasy']",8.6,1337772,14+,61,136801374
Звёздные войны. Эпизод 5: Империя наносит ответный удар,1980,124,"['Action', 'Adventure', 'Fantasy']",8.7,1323454,0+,82,290475067
Крёстный отец 2,1974,202,"['Crime', 'Drama']",9.0,1303299,16+,90,57300000
Помни,2000,113,"['Mystery', 'Thriller']",8.4,1265513,16+,81,25544867
Назад в будущее,1985,116,"['Adventure', 'Comedy', 'Sci-Fi']",8.5,1241421,12+,87,210609762
Стражи Галактики,2014,121,"['Action', 'Adventure', 'Comedy']",8.0,1222465,12+,76,333176600
Титаник,1997,194,"['Drama', 'Romance']",7.9,1220962,12+,75,659325379
Славные парни,1990,145,"['Biography', 'Crime', 'Drama']",8.7,1194138,16+,92,46836394
Леон,1994,110,"['Action', 'Crime', 'Drama']",8.5,1191435,16+,64,19501238
Мстители: Финал,2019,181,"['Action', 'Adventure', 'Drama']",8.4,1183942,16+,78,858373000
Красота по-американски,1999,122,['Drama'],8.3,1174763,16+,84,130096601
Пираты Карибского моря: Проклятие Чёрной жемчужины,2003,143,"['Action', 'Adventure', 'Fantasy']",8.1,1155553,12+,63,305413918
ВАЛЛ·И,2008,98,"['Animation', 'Adventure', 'Family']",8.4,1145321,0+,95,223808164
Американская история Икс,1998,119,"['Crime', 'Drama']",8.5,1144832,16+,62,6719864
Убить Билла,2003,111,"['Action', 'Crime', 'Drama']",8.2,1142478,16+,69,70099045
«V» значит Вендетта,2005,132,"['Action', 'Drama', 'Sci-Fi']",8.2,1142091,16+,62,70511035
Мстители: Война бесконечности,2018,149,"['Action', 'Adventure', 'Sci-Fi']",8.4,1127056,16+,68,678815482
Терминатор 2: Судный день,1991,137,"['Action', 'Sci-Fi']",8.6,1125044,16+,75,204843350
Шоу Трумана,1998,103,"['Comedy', 'Drama']",8.2,1119501,0+,90,125618201
Подозрительные лица,1995,106,"['Crime', 'Drama', 'Mystery']",8.5,1105828,16+,77,23341568
Король лев,1994,88,"['Animation', 'Adventure', 'Drama']",8.5,1087556,0+,88,422783777
Железный человек,2008,126,"['Action', 'Adventure', 'Sci-Fi']",7.9,1084190,12+,79,318412101
Звёздные войны. Эпизод 6: Возвращение джедая,1983,131,"['Action', 'Adventure', 'Fantasy']",8.3,1079348,0+,58,309125409
Вверх,2009,96,"['Animation', 'Adventure', 'Comedy']",8.3,1071678,0+,88,293004164
Дэдпул,2016,108,"['Action', 'Comedy']",8.0,1069936,18+,65,363070709
В поисках Немо,2003,100,"['Animation', 'Adventure', 'Comedy']",8.2,1068373,0+,90,380843261
Храброе сердце,1995,178,"['Biography', 'Drama', 'History']",8.3,1056985,16+,68,75600000
Сияние,1980,146,"['Drama', 'Horror']",8.4,1051138,18+,66,44017374
Бешеные псы,1992,99,"['Crime', 'Thriller']",8.3,1044483,18+,81,2832029
Вечное сияние чистого разума,2004,108,"['Drama', 'Romance', 'Sci-Fi']",8.3,1032786,16+,89,34400301
Безумный Макс: Дорога ярости,2015,120,"['Action', 'Adventure', 'Sci-Fi']",8.1,1031989,16+,90,154058340
Пролетая над гнездом кукушки,1975,133,['Drama'],8.7,1030201,16+,84,112000000
"Поймай меня, если сможешь",2002,141,"['Biography', 'Crime', 'Drama']",8.1,1023825,12+,75,164615351
История игрушек,1995,81,"['Animation', 'Adventure', 'Comedy']",8.3,1020331,6+,96,191796233
Парк юрского периода,1993,127,"['Action', 'Adventure', 'Sci-Fi']",8.2,1015848,6+,68,402453882
Шестое чувство,1999,107,"['Drama', 'Mystery', 'Thriller']",8.2,1012316,12+,64,293506292
Исчезнувшая,2014,149,"['Drama', 'Mystery', 'Thriller']",8.1,1010285,18+,79,167767189
Умница Уилл Хантинг,1997,126,"['Drama', 'Romance']",8.3,1005802,16+,70,138433435
Старикам тут не место,2007,122,"['Crime', 'Drama', 'Thriller']",8.2,1003381,16+,92,74283625
Индиана Джонс: В поисках утраченного ковчега,1981,115,"['Action', 'Adventure']",8.4,989246,0+,85,248159971
Игры разума,2001,135,"['Biography', 'Drama']",8.2,951592,12+,72,170742341
Голодные игры,2012,142,"['Action', 'Adventure', 'Sci-Fi']",7.2,949738,14+,68,408010692
Звёздные войны: Пробуждение Силы,2015,138,"['Action', 'Adventure', 'Sci-Fi']",7.8,948355,12+,80,936662225
Корпорация монстров,2001,92,"['Animation', 'Adventure', 'Comedy']",8.1,933922,6+,79,289916256
Одержимость,2014,106,"['Drama', 'Music']",8.5,907431,16+,89,13092000
Чужой,1979,117,"['Horror', 'Sci-Fi']",8.5,904924,18+,89,78900000
Крепкий орешек,1988,132,"['Action', 'Thriller']",8.2,902442,16+,72,83008852
Гарри Поттер и Дары смерти: Часть II,2011,130,"['Adventure', 'Family', 'Fantasy']",8.1,902304,12+,85,381011219
Мстители: Эра Альтрона,2015,141,"['Action', 'Adventure', 'Sci-Fi']",7.3,887109,12+,66,459005868
Терминатор,1984,107,"['Action', 'Sci-Fi']",8.1,886960,16+,84,38400000
1+1,2011,112,"['Biography', 'Comedy', 'Drama']",8.5,883145,14+,57,13182281
Марсианин,2015,144,"['Adventure', 'Drama', 'Sci-Fi']",8.0,880669,16+,80,228433663
Большой куш,2000,104,"['Comedy', 'Crime']",8.2,875304,16+,55,30328156
Железный человек 3,2013,130,"['Action', 'Adventure', 'Sci-Fi']",7.1,870620,12+,62,409013994
Тор,2011,115,"['Action', 'Fantasy']",7.0,870413,12+,57,181030624
Первый мститель: Другая война,2014,136,"['Action', 'Adventure', 'Sci-Fi']",7.8,868145,12+,70,259766572
Лицо со шрамом,1983,170,"['Crime', 'Drama']",8.3,867786,18+,65,45598982
Таксист,1976,114,"['Crime', 'Drama']",8.2,866085,18+,94,28262574
Первый мститель,2011,124,"['Action', 'Adventure', 'Sci-Fi']",6.9,866034,12+,66,176654505
Реквием по мечте,2000,102,['Drama'],8.3,862887,18+,71,3635482
Миллионер из трущоб,2008,120,"['Crime', 'Drama', 'Romance']",8.0,859287,14+,84,141319928
Паразиты,2019,132,"['Drama', 'Thriller']",8.5,858077,18+,96,53367844
Пианист,2002,150,"['Biography', 'Drama', 'Music']",8.5,857926,16+,85,32572577
История игрушек 3,2010,103,"['Animation', 'Adventure', 'Comedy']",8.3,856667,0+,92,415004880
A Clockwork Orange,1971,136,"['Crime', 'Sci-Fi']",8.3,849068,18+,77,6207725
Хоббит: Нежданное путешествие,2012,169,"['Adventure', 'Fantasy']",7.8,844867,12+,58,303003568
Гравитация,2013,91,"['Drama', 'Sci-Fi', 'Thriller']",7.7,841416,12+,96,274092705
Отель «Гранд Будапешт»,2014,99,"['Adventure', 'Comedy', 'Crime']",8.1,840502,16+,88,59100318
Человек-паук,2002,121,"['Action', 'Adventure', 'Sci-Fi']",7.4,840451,12+,73,403706375
Железный человек 2,2010,124,"['Action', 'Sci-Fi']",6.9,838265,12+,57,312433331
300 спартанцев,2006,117,"['Action', 'Drama']",7.6,837494,16+,52,210614939
Выживший,2015,156,"['Action', 'Adventure', 'Drama']",8.0,829130,18+,76,183637894
Большой Лебовски,1998,117,"['Comedy', 'Crime']",8.1,828278,18+,71,17498804
Звёздные войны. Эпизод 1: Скрытая угроза,1999,136,"['Action', 'Adventure', 'Fantasy']",6.5,826003,0+,51,474544677
Донни Дарко,2001,113,"['Drama', 'Mystery', 'Sci-Fi']",8.0,820538,18+,88,1480006
12 рaзгневанных мужчин,1957,96,"['Crime', 'Drama']",9.0,814766,16+,97,4360000
Первый мститель: Противостояние,2016,147,"['Action', 'Sci-Fi']",7.8,813420,12+,75,408084349
Звёздные войны. Эпизод 3: Месть Ситхов,2005,140,"['Action', 'Adventure', 'Fantasy']",7.6,813163,12+,68,380262555
Гарри Поттер и философский камень,2001,152,"['Adventure', 'Family', 'Fantasy']",7.6,811124,12+,65,317575550
Мальчишник в Вегасе,2009,100,['Comedy'],7.7,809257,16+,73,277322503
Чёрная Пантера,2018,134,"['Action', 'Adventure', 'Sci-Fi']",7.3,803440,16+,88,700059566
Человек-паук: Нет пути домой,2021,148,"['Action', 'Adventure', 'Fantasy']",8.2,801499,12+,71,804747988
Унесённые призраками,2001,125,"['Animation', 'Adventure', 'Family']",8.6,791956,12+,96,10055859
Гран Торино,2008,116,['Drama'],8.1,790501,16+,72,148095302
Игра в имитацию,2014,114,"['Biography', 'Drama', 'Thriller']",8.0,790089,12+,71,91125683
Чёрный лебедь,2010,108,"['Drama', 'Thriller']",8.0,789947,16+,79,106954678
Логан,2017,137,"['Action', 'Drama', 'Sci-Fi']",8.1,789284,18+,77,226277068
Бегущий по лезвию,1982,117,"['Action', 'Drama', 'Sci-Fi']",8.1,789204,14+,84,32868943
Человек из стали,2013,143,"['Action', 'Adventure', 'Sci-Fi']",7.1,787187,12+,55,291045518
Я легенда,2007,101,"['Action', 'Drama', 'Horror']",7.2,781020,12+,65,256386216
Однажды в... Голливуде,2019,161,"['Comedy', 'Drama']",7.6,780070,18+,83,142502728
Город грехов,2005,124,"['Crime', 'Thriller']",8.0,779724,16+,74,74103820
"Хороший, плохой, злой",1966,161,"['Adventure', 'Western']",8.8,778499,12+,90,6100000
Тор: Рагнарёк,2017,130,"['Action', 'Adventure', 'Comedy']",7.9,778043,16+,74,315058289
Убить Билла 2,2004,137,"['Action', 'Crime', 'Thriller']",8.0,774982,18+,83,66208183
Индиана Джонс и последний крестовый поход,1989,127,"['Action', 'Adventure']",8.2,772901,0+,65,197171806
Город Бога,2002,130,"['Crime', 'Drama']",8.6,772012,16+,79,7563397
Амели,2001,122,"['Comedy', 'Romance']",8.3,770488,12+,69,33225499
Рататуй,2007,111,"['Animation', 'Adventure', 'Comedy']",8.1,768725,0+,96,206445654
Доктор Стрэндж,2016,115,"['Action', 'Adventure', 'Fantasy']",7.5,767364,12+,72,232641920
Суперсемейка,2004,115,"['Animation', 'Action', 'Adventure']",8.0,763453,12+,90,261441092
Как приручить дракона,2010,98,"['Animation', 'Action', 'Adventure']",8.1,762869,6+,75,217581231
Цельнометаллическая оболочка,1987,116,"['Drama', 'War']",8.3,759980,18+,78,46357676
Пленницы,2013,153,"['Crime', 'Drama', 'Mystery']",8.1,748456,16+,70,61002302
Головоломка,2015,95,"['Animation', 'Adventure', 'Comedy']",8.1,738291,6+,94,356461711
Пираты Карибского моря: Сундук мертвеца,2006,151,"['Action', 'Adventure', 'Fantasy']",7.3,737809,12+,53,423315812
Чужой 2,1986,137,"['Action', 'Adventure', 'Sci-Fi']",8.4,733549,16+,84,85160248
Звёздные войны. Эпизод 2: Атака клонов,2002,142,"['Action', 'Adventure', 'Fantasy']",6.6,730633,0+,54,310675583
Достать ножи,2019,130,"['Comedy', 'Crime', 'Drama']",7.9,728936,16+,82,165359751
Люди Икс: Дни минувшего будущего,2014,132,"['Action', 'Adventure', 'Sci-Fi']",7.9,725817,12+,75,233921534
Социальная сеть,2010,120,"['Biography', 'Drama']",7.8,724289,12+,95,96962694
Мой парень - псих,2012,122,"['Comedy', 'Drama', 'Romance']",7.7,722215,16+,81,132092958
Прибытие,2016,116,"['Drama', 'Mystery', 'Sci-Fi']",7.9,720599,16+,81,100546139
Стражи Галактики. Часть 2,2017,136,"['Action', 'Adventure', 'Comedy']",7.6,718384,16+,67,389813101
12 лет рабства,2013,134,"['Biography', 'Drama', 'History']",8.1,716688,16+,96,56671993
Бэтмен против Супермена: На заре справедливости,2016,151,"['Action', 'Adventure', 'Sci-Fi']",6.4,713043,12+,44,330360194
Жизнь прекрасна,1997,116,"['Comedy', 'Drama', 'Romance']",8.6,712214,0+,59,57598247
007: Координаты «Скайфолл»,2012,143,"['Action', 'Adventure', 'Thriller']",7.8,710540,16+,81,304360277
Люди Икс: Первый класс,2011,131,"['Action', 'Sci-Fi']",7.7,705566,12+,65,146408305
Бэтмен,2022,176,"['Action', 'Crime', 'Drama']",7.8,702826,16+,72,369345583
На игле,1996,93,['Drama'],8.1,701880,18+,83,16501785
Шрэк,2001,90,"['Animation', 'Adventure', 'Comedy']",7.9,701075,6+,84,267665011
Малышка на миллион,2004,132,"['Drama', 'Sport']",8.1,700727,16+,86,100492203
Тор 2: Царство тьмы,2013,112,"['Action', 'Adventure', 'Fantasy']",6.8,700717,12+,54,206362140
Грань будущего,2014,113,"['Action', 'Adventure', 'Sci-Fi']",7.9,700364,12+,71,100206256
Отряд самоубийц,2016,123,"['Action', 'Adventure', 'Fantasy']",5.9,700099,16+,40,325100054
Джон Уик,2014,101,"['Action', 'Crime', 'Thriller']",7.4,697820,16+,68,43037835
Район No 9,2009,112,"['Action', 'Sci-Fi', 'Thriller']",7.9,695731,14+,81,115646235
Человек-муравей,2015,117,"['Action', 'Comedy', 'Sci-Fi']",7.3,694541,12+,64,180202163
Фарго,1996,98,"['Crime', 'Thriller']",8.1,693606,16+,86,24611975
Король говорит!,2010,118,"['Biography', 'Drama', 'History']",8.0,692385,14+,88,138797449
Психо,1960,109,"['Horror', 'Mystery', 'Thriller']",8.5,688800,16+,97,32000000
Война миров Z,2013,116,"['Action', 'Adventure', 'Horror']",7.0,688502,12+,63,202359711
Kingsman: Секретная служба,2014,129,"['Action', 'Adventure', 'Comedy']",7.7,687903,18+,60,128261724
2001 год: Космическая одиссея,1968,149,"['Adventure', 'Sci-Fi']",8.3,686659,12+,84,56954992
Голодные игры: И вспыхнет пламя,2013,146,"['Action', 'Adventure', 'Sci-Fi']",7.5,684678,12+,76,424668047
Дюнкерк,2017,106,"['Action', 'Drama', 'History']",7.8,683829,16+,94,188373161
Апокалипсис сегодня,1979,147,"['Drama', 'Mystery', 'War']",8.4,683142,18+,94,83471511
Человек-паук: Возвращение домой,2017,133,"['Action', 'Adventure', 'Sci-Fi']",7.4,682145,16+,73,334201140
Дюна,2021,155,"['Action', 'Adventure', 'Drama']",8.0,682084,12+,74,108327830
Лабиринт Фавна,2006,118,"['Drama', 'Fantasy', 'War']",8.2,681718,14+,98,37634615
Хоббит: Пустошь Смауга,2013,161,['Fantasy'],7.8,679746,12+,66,258366855
Иллюзия обмана,2013,115,"['Crime', 'Mystery', 'Thriller']",7.2,679519,12+,50,117723989
Схватка,1995,170,"['Action', 'Crime', 'Drama']",8.3,678275,16+,76,67436818
Чудо-женщина,2017,141,"['Action', 'Adventure', 'Fantasy']",7.4,675460,16+,76,412563408
Человек-паук 2,2004,127,"['Action', 'Adventure', 'Sci-Fi']",7.4,674342,12+,83,373585825
Новый Человек-паук,2012,136,"['Action', 'Adventure', 'Sci-Fi']",6.9,674005,12+,66,262030663
Казино Рояль,2006,144,"['Action', 'Adventure', 'Thriller']",8.0,671736,12+,80,167445960
Загадочная история Бенджамина Баттона,2008,166,"['Drama', 'Fantasy', 'Romance']",7.8,669192,12+,70,127509326
Пираты Карибского моря: На краю света,2007,169,"['Action', 'Adventure', 'Fantasy']",7.1,667891,12+,50,309420425
Драйв,2011,100,"['Action', 'Drama']",7.8,665926,18+,78,35061555
Изгой-один. Звёздные войны: Истории,2016,133,"['Action', 'Adventure', 'Sci-Fi']",7.8,658856,12+,65,532177324
Американский психопат,2000,102,"['Crime', 'Drama', 'Horror']",7.6,658246,18+,64,15070285
Гарри Поттер и тайная комната,2002,161,"['Adventure', 'Family', 'Fantasy']",7.4,657882,16+,63,261988482
Мир Юрского периода,2015,124,"['Action', 'Adventure', 'Sci-Fi']",6.9,657856,12+,59,652270625
Гарри Поттер и узник Азкабана,2004,142,"['Adventure', 'Family', 'Fantasy']",7.9,656889,16+,82,249358727
Трансформеры,2007,144,"['Action', 'Adventure', 'Sci-Fi']",7.0,653618,12+,61,319246193
День сурка,1993,101,"['Comedy', 'Drama', 'Fantasy']",8.0,651854,12+,72,70906973
Шерлок Холмс,2009,128,"['Action', 'Adventure', 'Mystery']",7.6,648979,12+,57,209028679
Звёздные войны: Последние джедаи,2017,152,"['Action', 'Adventure', 'Fantasy']",6.9,648721,16+,84,620181382
Гарри Поттер и кубок огня,2005,157,"['Adventure', 'Family', 'Fantasy']",7.7,648159,12+,81,290013036
Бёрдмэн,2014,119,"['Comedy', 'Drama']",7.7,646233,16+,87,42340598
Жизнь Пи,2012,127,"['Adventure', 'Drama', 'Fantasy']",7.9,646143,6+,79,124987023
Ультиматум Борна,2007,115,"['Action', 'Mystery', 'Thriller']",8.0,644645,16+,85,227471070
Прочь,2017,104,"['Horror', 'Mystery', 'Thriller']",7.8,642237,18+,85,176040665
Холодное сердце,2013,102,"['Animation', 'Adventure', 'Comedy']",7.4,640431,6+,75,400738009
Она,2013,126,"['Drama', 'Romance', 'Sci-Fi']",8.0,637348,16+,91,25568251
В диких условиях,2007,148,"['Adventure', 'Biography', 'Drama']",8.1,635933,16+,73,18354356
Третий лишний,2012,106,['Comedy'],6.9,631277,18+,62,218815487
12 обезьян,1995,129,"['Mystery', 'Sci-Fi', 'Thriller']",8.0,630059,R,74,57141459
Люди Икс,2000,104,"['Action', 'Adventure', 'Sci-Fi']",7.3,628154,12+,64,157299717
Операция «Арго»,2012,120,"['Biography', 'Drama', 'Thriller']",7.7,625458,16+,86,136025503
Челюсти,1975,124,"['Adventure', 'Mystery', 'Thriller']",8.1,625401,16+,87,260000000
Омерзительная восьмерка,2015,168,"['Crime', 'Drama', 'Mystery']",7.8,624691,18+,68,54117416
1917,2019,119,"['Action', 'Drama', 'War']",8.2,623004,16+,78,159227644
Прометей,2012,124,"['Adventure', 'Mystery', 'Sci-Fi']",7.0,622531,16+,64,126477084
Ла-Ла Ленд,2016,128,"['Comedy', 'Drama', 'Music']",8.0,616937,16+,94,151101803
Заложница,2008,90,"['Action', 'Crime', 'Thriller']",7.8,615429,16+,51,145000989
Звёздный путь,2009,127,"['Action', 'Adventure', 'Sci-Fi']",7.9,610717,12+,82,257730019
Изгой,2000,143,"['Adventure', 'Drama', 'Romance']",7.8,610323,12+,73,233632142
Матрица: Перезагрузка,2003,138,"['Action', 'Sci-Fi']",7.2,609460,16+,62,281492479
Человек-паук 3: Враг в отражении,2007,139,"['Action', 'Adventure', 'Sci-Fi']",6.3,609352,12+,59,336530303
Дэдпул 2,2018,119,"['Action', 'Adventure', 'Comedy']",7.6,606774,18+,66,324591735
Бегущий по лезвию 2049,2017,164,"['Action', 'Drama', 'Mystery']",8.0,605763,18+,81,92054159
Один дома,1990,103,"['Comedy', 'Family']",7.7,605176,12+,63,285761243
Нефть,2007,158,['Drama'],8.2,603290,16+,93,40222514
Гарри Поттер и орден Феникса,2007,138,"['Action', 'Adventure', 'Family']",7.5,602328,12+,71,292004738
SuperПерцы,2007,113,['Comedy'],7.6,601123,18+,76,121463226
Рокки,1976,120,"['Drama', 'Sport']",8.1,599568,16+,70,117235247
Олдбой,2003,120,"['Action', 'Drama', 'Mystery']",8.4,597519,18+,77,707481
История игрушек 2,1999,92,"['Animation', 'Adventure', 'Comedy']",7.9,596642,6+,88,245852179
Добро пожаловать в Zомбилэнд,2009,88,"['Action', 'Comedy', 'Horror']",7.6,596249,16+,73,75590286
"Карты, деньги, два ствола",1998,107,"['Action', 'Comedy', 'Crime']",8.1,595967,18+,66,3897569
Топ Ган: Мэверик,2022,130,"['Action', 'Drama']",8.3,595190,16+,78,718732821
Секреты Лос-Анджелеса,1997,138,"['Crime', 'Drama', 'Mystery']",8.2,593821,16+,91,64616940
Одиннадцать друзей Оушена,2001,116,"['Crime', 'Thriller']",7.7,592480,12+,74,183417150
Области тьмы,2011,105,"['Sci-Fi', 'Thriller']",7.4,590059,16+,59,79249455
Дневник памяти,2004,123,"['Drama', 'Romance']",7.8,588975,16+,53,81001787
Петля времени,2012,119,"['Action', 'Drama', 'Sci-Fi']",7.4,587508,18+,84,66486205
День независимости,1996,145,"['Action', 'Adventure', 'Sci-Fi']",7.0,587222,12+,59,306169255
Люди в чёрном,1997,98,"['Action', 'Adventure', 'Comedy']",7.3,585673,0+,71,250690539
Casablanca,1942,102,"['Drama', 'Romance', 'War']",8.5,584376,6+,100,1024560
Человек-паук: Через Вселенные,2018,117,"['Animation', 'Action', 'Adventure']",8.4,583958,6+,87,190241310
Капитан Марвел,2019,123,"['Action', 'Adventure', 'Sci-Fi']",6.8,580671,16+,64,426829839
Пипец,2010,117,"['Action', 'Comedy', 'Crime']",7.6,575802,14+,66,48071303
Мачо и ботан,2012,109,"['Action', 'Comedy', 'Crime']",7.2,575681,16+,69,138447667
Зомби по имени Шон,2004,99,"['Comedy', 'Horror']",7.9,572064,16+,76,13542874
Стрингер,2014,117,"['Crime', 'Drama', 'Thriller']",7.8,570894,18+,76,32381218
Оно,2017,135,['Horror'],7.3,570762,18+,69,327481748
The Kashmir Files,2022,170,['Drama'],8.7,569272,,0,0
Гарри Поттер и Дары смерти: Часть I,2010,146,"['Adventure', 'Family', 'Fantasy']",7.7,568960,12+,65,295983305
Малыш на драйве,2017,113,"['Action', 'Crime', 'Drama']",7.6,568199,18+,86,107825862
Великий Гэтсби,2013,143,"['Drama', 'Romance']",7.2,566536,16+,55,144840419
Особое мнение,2002,145,"['Action', 'Crime', 'Mystery']",7.6,565901,16+,80,132072926
Гарри Поттер и Принц-полукровка,2009,153,"['Action', 'Adventure', 'Family']",7.6,565346,16+,78,301959197
Кровавый алмаз,2006,143,"['Adventure', 'Drama', 'Thriller']",8.0,564656,18+,64,57366262
Хранители,2009,162,"['Action', 'Drama', 'Mystery']",7.6,563400,16+,56,107509799
Из машины,2014,108,"['Drama', 'Sci-Fi', 'Thriller']",7.7,562815,R,78,25442958
Зодиак,2007,157,"['Crime', 'Drama', 'Mystery']",7.7,562792,16+,79,33080084
Гадкий я,2010,95,"['Animation', 'Adventure', 'Comedy']",7.6,561820,0+,72,251513985
Люди Икс 2,2003,134,"['Action', 'Sci-Fi', 'Thriller']",7.4,561508,12+,68,214949694
Идентификация Борна,2002,119,"['Action', 'Mystery', 'Thriller']",7.9,559437,16+,68,121661683
Не смотрите наверх,2021,138,"['Comedy', 'Drama', 'Sci-Fi']",7.2,559396,18+,49,0
Богемская рапсодия,2018,134,"['Biography', 'Drama', 'Music']",7.9,557084,18+,49,216428042
"Я, робот",2004,115,"['Action', 'Mystery', 'Sci-Fi']",7.1,555484,12+,59,144801023
Монти Пайтон и священный Грааль,1975,91,"['Adventure', 'Comedy', 'Fantasy']",8.2,552527,,91,1229197
По соображениям совести,2016,139,"['Biography', 'Drama', 'History']",8.1,551417,18+,71,67209615
Тихое место,2018,90,"['Drama', 'Horror', 'Sci-Fi']",7.5,550981,16+,82,188024361
Назад в будущее 2,1989,108,"['Adventure', 'Comedy', 'Sci-Fi']",7.8,549204,12+,57,118500000
Троя,2004,163,['Drama'],7.3,549119,16+,56,133378256
Хоббит: Битва пяти воинств,2014,144,"['Adventure', 'Fantasy']",7.4,548442,6+,59,255119788
Пираты Карибского моря: На странных берегах,2011,137,"['Action', 'Adventure', 'Fantasy']",6.6,542317,12+,45,241063875
Восстание планеты обезьян,2011,105,"['Action', 'Drama', 'Sci-Fi']",7.6,540957,14+,68,176760185
Обливион,2013,124,"['Action', 'Adventure', 'Sci-Fi']",7.0,537968,12+,54,89021735
Тайна Коко,2017,105,"['Animation', 'Adventure', 'Comedy']",8.4,536558,12+,81,209726015
Казино,1995,178,"['Crime', 'Drama']",8.2,535815,18+,73,42438300
Эта дурацкая любовь,2011,118,"['Comedy', 'Drama', 'Romance']",7.4,534611,PG-13,68,84351197
Джуно,2007,96,"['Comedy', 'Drama']",7.5,533741,12+,81,143495265
Довод,2020,150,"['Action', 'Sci-Fi', 'Thriller']",7.3,532410,16+,69,58456624
В погоне за счастьем,2006,117,"['Biography', 'Drama']",8.0,531844,12+,64,163566459
500 дней летa,2009,95,"['Comedy', 'Drama', 'Romance']",7.7,531569,PG-13,76,32391374
Исходный код,2011,93,"['Action', 'Drama', 'Mystery']",7.5,531526,12+,74,54712227
Люди Икс: Последняя битва,2006,104,"['Action', 'Adventure', 'Sci-Fi']",6.6,527448,12+,58,234362462
Человек дождя,1988,133,['Drama'],8.0,527353,16+,65,178800000
Хорошо быть тихоней,2012,103,['Drama'],7.9,527236,16+,67,17742948
"Три билборда на границе Эббинга, Миссури",2017,115,"['Comedy', 'Crime', 'Drama']",8.1,527019,18+,88,54513740
Матрица: Революция,2003,129,"['Action', 'Sci-Fi']",6.7,526301,16+,47,139313948
Заклятие,2013,112,"['Horror', 'Mystery', 'Thriller']",7.5,525959,16+,68,137400141
Зеленая книга,2018,130,"['Biography', 'Comedy', 'Drama']",8.2,520803,16+,69,85080171
Сплит,2016,117,"['Horror', 'Thriller']",7.3,519041,16+,62,138291365
Человек-паук: Вдали от дома,2019,129,"['Action', 'Adventure', 'Comedy']",7.4,517970,12+,69,390532085
Типа крутые легавые,2007,121,"['Action', 'Comedy', 'Mystery']",7.8,517894,16+,81,23637265
Зверополис,2016,108,"['Animation', 'Adventure', 'Comedy']",8.0,517519,6+,78,341268248
Люди Икс: Начало. Росомаха,2009,107,"['Action', 'Sci-Fi']",6.5,516071,12+,40,179883157
Мальчишник 2: Из Вегаса в Бангкок,2011,102,['Comedy'],6.5,514899,18+,44,254464305
Новый Человек-паук: Высокое напряжение,2014,142,"['Action', 'Adventure', 'Sci-Fi']",6.6,513930,12+,53,202853933
Тихоокеанский рубеж,2013,131,"['Action', 'Adventure', 'Sci-Fi']",6.9,513878,PG-13,65,101802906
Ярость,2014,134,"['Action', 'Drama', 'War']",7.5,513508,R,64,85817906
Мистер и миссис Смит,2005,120,"['Action', 'Comedy', 'Crime']",6.5,512898,14+,55,186336279
Люси,2014,89,"['Action', 'Sci-Fi', 'Thriller']",6.4,512785,18+,61,126663600
Дитя человеческое,2006,109,"['Action', 'Drama', 'Sci-Fi']",7.9,512218,16+,84,35552383
Общество мёртвых поэтов,1989,128,"['Comedy', 'Drama']",8.1,511120,6+,79,95860116
Веном,2018,112,"['Action', 'Adventure', 'Sci-Fi']",6.6,507033,16+,35,213515506
Невероятный Халк,2008,112,"['Action', 'Adventure', 'Sci-Fi']",6.6,506074,12+,61,134518390
Индиана Джонс и Храм судьбы,1984,118,"['Action', 'Adventure']",7.5,505348,0+,57,179870271
Снайпер,2014,133,"['Action', 'Biography', 'Drama']",7.3,504215,18+,72,350126372
Реальная любовь,2003,135,"['Comedy', 'Drama', 'Romance']",7.6,503696,16+,55,59696144
Эдвард руки-ножницы,1990,105,"['Drama', 'Fantasy', 'Romance']",7.9,503580,12+,74,56362352
Окно во двор,1954,112,"['Mystery', 'Thriller']",8.5,502592,12+,100,36764313
Эффект бабочки,2004,113,"['Drama', 'Sci-Fi', 'Thriller']",7.6,502507,16+,30,57938693
Миссия невыполнима: Протокол Фантом,2011,132,"['Action', 'Adventure', 'Thriller']",7.4,502262,14+,73,209397903
Далласский клуб покупателей,2013,117,"['Biography', 'Drama']",7.9,501165,18+,77,27298285
"Доктор Стрейнджлав, или Как я научился не волноваться и полюбил атомную бомбу",1964,95,"['Comedy', 'War']",8.4,501026,PG,97,275902
Чарли и шоколадная фабрика,2005,115,"['Adventure', 'Comedy', 'Family']",6.7,497668,12+,72,206459076
Ледниковый период,2002,81,"['Animation', 'Adventure', 'Comedy']",7.5,497309,0+,61,176387405
Маленькая Мисс Счастье,2006,101,"['Comedy', 'Drama']",7.8,496225,16+,80,59891098
Хэнкок,2008,92,"['Action', 'Comedy', 'Drama']",6.4,495722,12+,49,227946274
Аквамен,2018,143,"['Action', 'Adventure', 'Fantasy']",6.8,492416,12+,55,335061807
Гонка,2013,123,"['Action', 'Biography', 'Drama']",8.1,491895,R,74,26947624
Кунг-фу Панда,2008,92,"['Animation', 'Action', 'Adventure']",7.6,489884,0+,74,215434591
Стартрек: Возмездие,2013,132,"['Action', 'Adventure', 'Sci-Fi']",7.7,489642,12+,72,228778661
Афера по-американски,2013,138,"['Crime', 'Drama']",7.2,489229,16+,90,150117807
Фантастические твари и где они обитают,2016,132,"['Adventure', 'Family', 'Fantasy']",7.2,489068,12+,66,234037575
Пятый элемент,1997,126,"['Action', 'Adventure', 'Sci-Fi']",7.6,486817,16+,52,63540020
Бегущий в лабиринте,2014,113,"['Action', 'Mystery', 'Sci-Fi']",6.8,484551,12+,57,102427862
В центре внимания,2015,129,"['Biography', 'Crime', 'Drama']",8.1,482958,18+,93,45055776
Воин,2011,140,"['Action', 'Drama', 'Sport']",8.1,482341,12+,71,13657115
Шрэк 2,2004,93,"['Animation', 'Adventure', 'Comedy']",7.3,482156,6+,75,436471036
Джон Уик 2,2017,122,"['Action', 'Crime', 'Thriller']",7.4,479504,18+,75,92029184
Росомаха: Бессмертный,2013,126,"['Action', 'Sci-Fi']",6.7,478253,12+,61,132556852
Город героев,2014,102,"['Animation', 'Action', 'Adventure']",7.8,477731,6+,74,222527828
Лучший стрелок,1986,109,"['Action', 'Drama']",6.9,475547,12+,50,179800601
Девушка с татуировкой дракона,2011,158,"['Crime', 'Drama', 'Mystery']",7.8,474960,18+,71,102515793
Капитан Филлипс,2013,134,"['Action', 'Biography', 'Crime']",7.8,474159,16+,82,107100855
Превосходство Борна,2004,108,"['Action', 'Mystery', 'Thriller']",7.7,474047,16+,73,176241941
Прислуга,2011,146,['Drama'],8.1,473172,PG-13,62,169708112
Терминал,2004,128,"['Comedy', 'Drama', 'Romance']",7.4,473067,12+,55,77872883
Эта замечательная жизнь,1946,130,"['Drama', 'Family', 'Fantasy']",8.6,472836,PG,89,0
Голодные игры: Сойка-пересмешница. Часть I,2014,123,"['Action', 'Adventure', 'Sci-Fi']",6.6,472567,12+,64,337135885
Дивергент,2014,139,"['Action', 'Adventure', 'Mystery']",6.6,472217,12+,48,150947895
Сумерки,2008,122,"['Drama', 'Fantasy', 'Romance']",5.3,472036,16+,56,192769854
Рапунцель: Запутанная история,2010,100,"['Animation', 'Adventure', 'Comedy']",7.7,470311,6+,71,200821936
Звёздные войны: Скайуокер. Восход,2019,141,"['Action', 'Adventure', 'Fantasy']",6.5,468636,PG-13,53,515202542
Таинственная река,2003,138,"['Crime', 'Drama', 'Mystery']",7.9,468236,16+,84,90135191
Трудности перевода,2003,102,"['Comedy', 'Drama']",7.7,467858,16+,91,44585453
Шерлок Холмс: Игра теней,2011,129,"['Action', 'Adventure', 'Mystery']",7.4,466457,12+,48,186848418
Индиана Джонс и Королевство хрустального черепа,2008,122,"['Action', 'Adventure']",6.2,466394,12+,65,317101119
Красавица и чудовище,1991,84,"['Animation', 'Family', 'Fantasy']",8.0,465277,6+,95,218967620
Мы - Миллеры,2013,110,"['Comedy', 'Crime']",7.0,465212,16+,44,150394119
Вселенная Стивена Хокинга,2014,123,"['Biography', 'Drama', 'Romance']",7.7,464322,16+,71,35893537
Лига справедливости,2017,120,"['Action', 'Adventure', 'Fantasy']",6.1,463761,12+,45,229024295
Повелитель бури,2008,131,"['Drama', 'Thriller', 'War']",7.5,461657,16+,95,17017811
Назад в будущее 3,1990,118,"['Adventure', 'Comedy', 'Sci-Fi']",7.4,461476,16,55,87727583
Послезавтра,2004,124,"['Action', 'Adventure', 'Sci-Fi']",6.4,460569,12+,47,186740799
Война миров,2005,116,"['Action', 'Adventure', 'Sci-Fi']",6.5,460153,14+,73,234280354
Несносные боссы,2011,98,"['Comedy', 'Crime']",6.9,458623,16+,57,117538559
Квант милосердия,2008,106,"['Action', 'Adventure', 'Mystery']",6.6,458313,14+,58,168368427
Элизиум: Рай не на Земле,2013,109,"['Action', 'Drama', 'Sci-Fi']",6.6,458050,16+,61,93050117
Первому игроку приготовиться,2018,140,"['Action', 'Adventure', 'Sci-Fi']",7.4,455234,12+,64,137690172
Банды Нью-Йорка,2002,167,"['Crime', 'Drama']",7.5,454745,16+,72,77812000
Всё везде и сразу,2022,139,"['Action', 'Adventure', 'Comedy']",7.8,453472,18+,81,72861480
Последний самурай,2003,154,"['Action', 'Drama']",7.8,452768,16+,55,111110575
Планета обезьян: Революция,2014,130,"['Action', 'Adventure', 'Drama']",7.6,452286,16+,79,208545589
007: Спектр,2015,148,"['Action', 'Adventure', 'Thriller']",6.8,451452,16+,60,200074175
Гражданин Кейн,1941,119,"['Drama', 'Mystery']",8.3,451221,12+,100,1585634
Тренировочный день,2001,122,"['Action', 'Crime', 'Drama']",7.7,451004,16+,69,76631907
Сорокалетний девственник,2005,116,"['Comedy', 'Romance']",7.1,450262,16+,73,109449237
Крупная рыба,2003,125,"['Adventure', 'Drama', 'Fantasy']",8.0,448610,0+,58,66257002
Игра на понижение,2015,130,"['Biography', 'Comedy', 'Drama']",7.8,447832,18+,81,70259870
Убийца,2015,121,"['Action', 'Crime', 'Drama']",7.6,447128,16+,82,46889293
Люди Икс: Апокалипсис,2016,144,"['Action', 'Adventure', 'Sci-Fi']",6.9,446449,12+,52,155442489
Залечь на дно в Брюгге,2008,107,"['Comedy', 'Crime', 'Drama']",7.9,446067,18+,67,7757130
Код да Винчи,2006,149,"['Mystery', 'Thriller']",6.6,444399,18+,46,217536138
Мумия,1999,124,"['Action', 'Adventure', 'Fantasy']",7.1,444360,0+,48,155247825
Столкновение,2004,112,"['Crime', 'Drama', 'Thriller']",7.7,442633,16+,66,54580300
Скотт Пилигрим против всех,2010,112,"['Action', 'Comedy', 'Fantasy']",7.5,442350,16+,69,31494270
"Человек, который изменил всё",2011,133,"['Biography', 'Drama', 'Sport']",7.6,440653,PG-13,87,75605492
Доктор Стрэндж: В мультивселенной безумия,2022,126,"['Action', 'Adventure', 'Fantasy']",6.9,440551,16+,60,411331607
Тачки,2006,117,"['Animation', 'Adventure', 'Comedy']",7.2,440131,0+,73,244082982
Миссия: невыполнима,1996,110,"['Action', 'Adventure', 'Thriller']",7.1,439703,12+,59,180981856
Нечто,1982,109,"['Horror', 'Mystery', 'Sci-Fi']",8.2,439561,18+,57,13782838
Аладдин,1992,90,"['Animation', 'Adventure', 'Comedy']",8.0,438227,,86,217350219
Ральф,2012,101,"['Animation', 'Adventure', 'Comedy']",7.7,437877,6+,72,189422889
Гангстер,2007,157,"['Biography', 'Crime', 'Drama']",7.8,437320,18+,76,130164645
Армагеддон,1998,151,"['Action', 'Adventure', 'Sci-Fi']",6.7,436847,12+,42,201573391
Принцесса-невеста,1987,98,"['Adventure', 'Comedy', 'Family']",8.0,436577,0+,77,30857814
Дьявол носит Prada,2006,109,"['Comedy', 'Drama']",6.9,436122,14+,62,124740460
Пила: Игра на выживание,2004,103,"['Horror', 'Mystery', 'Thriller']",7.6,435981,18+,46,56000369
Полночь в Париже,2011,94,"['Comedy', 'Fantasy', 'Romance']",7.7,435300,14+,81,56816662
Хищник,1987,107,"['Action', 'Adventure', 'Horror']",7.8,435198,16+,47,59735548
Кинг Конг,2005,187,"['Action', 'Adventure', 'Drama']",7.2,433843,16+,81,218080025
Форма воды,2017,123,"['Drama', 'Fantasy', 'Romance']",7.3,432711,18+,87,63859435
Комната,2015,118,"['Drama', 'Thriller']",8.1,432415,18+,86,14677674
Хижина в лесу,2011,95,"['Horror', 'Mystery', 'Thriller']",7.0,431616,18+,72,42073277
Солдаты неудачи,2008,107,"['Action', 'Comedy', 'War']",7.1,429885,16+,71,110515313
Затерянный мир: Парк Юрского периода,1997,129,"['Action', 'Adventure', 'Sci-Fi']",6.5,429278,0+,59,229086679
Неуязвимый,2000,106,"['Drama', 'Mystery', 'Sci-Fi']",7.3,428201,16+,62,95011339
Охотники за привидениями,1984,105,"['Action', 'Comedy', 'Fantasy']",7.8,426397,0+,71,238632124
Человек-муравей и Оса,2018,118,"['Action', 'Adventure', 'Comedy']",7.0,426394,12+,70,216648740
Алиса в Стране чудес,2010,108,"['Adventure', 'Family', 'Fantasy']",6.4,426036,12+,53,334191110
28 дней спустя,2002,113,"['Drama', 'Horror', 'Sci-Fi']",7.5,425598,16+,73,45064915
Храбрая сердцем,2012,93,"['Animation', 'Adventure', 'Comedy']",7.1,424371,6+,69,237283207
Время,2011,109,"['Action', 'Sci-Fi', 'Thriller']",6.7,423895,PG-13,53,37520095
Взвод,1986,120,"['Drama', 'War']",8.1,423815,16+,92,138530565
Борат,2006,84,['Comedy'],7.4,423576,(Banned),89,128505958
Годзилла,2014,123,"['Action', 'Adventure', 'Sci-Fi']",6.4,423528,12+,62,200676069
Конец света 2013: Апокалипсис по-голливудски,2013,107,"['Comedy', 'Fantasy']",6.6,422930,18+,67,101470202
Пассажиры,2016,116,"['Drama', 'Romance', 'Sci-Fi']",7.0,422216,16+,41,100014699
Изгоняющий дьявола,1973,122,['Horror'],8.1,422118,18+,81,232906145
Непрощенный,1992,130,"['Drama', 'Western']",8.2,421495,R,85,101157447
E.T. the Extra-Terrestrial,1982,115,"['Adventure', 'Family', 'Sci-Fi']",7.9,421420,0+,91,435110554
Ford против Ferrari,2019,152,"['Action', 'Biography', 'Drama']",8.1,420851,16+,81,117624028
Не время умирать,2021,163,"['Action', 'Adventure', 'Thriller']",7.3,420315,12+,68,160869031
Трансформеры 3: Тёмная сторона Луны,2011,154,"['Action', 'Adventure', 'Sci-Fi']",6.2,419345,12+,42,352390543
Останься со мной,1986,89,"['Adventure', 'Drama']",8.1,418290,,75,52287414
Мадагаскар,2005,86,"['Animation', 'Adventure', 'Comedy']",6.9,418244,0+,57,193595521
Американский пирог,1999,95,['Comedy'],7.0,418222,14+,58,102561004
Соучастник,2004,120,"['Action', 'Crime', 'Drama']",7.5,416598,16+,71,101005703
Брюс всемогущий,2003,101,"['Comedy', 'Fantasy']",6.8,416438,12+,46,242829261
Трансформеры: Месть падших,2009,149,"['Action', 'Adventure', 'Sci-Fi']",5.9,416093,12+,35,402111870
Клуб «Завтрак»,1985,97,"['Comedy', 'Drama']",7.8,415118,16+,66,45875171
Лига справедливости Зака Снайдера,2021,242,"['Action', 'Adventure', 'Fantasy']",8.0,413798,18+,54,0
Ходячий замок,2004,119,"['Animation', 'Adventure', 'Family']",8.2,413169,12+,82,4711096
Крепкий орешек 4.0,2007,128,"['Action', 'Thriller']",7.1,412718,14+,69,134529403
Три идиота,2009,170,"['Comedy', 'Drama']",8.4,411505,16+,67,6532908
Кролик Джоджо,2019,108,"['Comedy', 'Drama', 'War']",7.9,411442,(Banned),58,33370906
Головокружение,1958,128,"['Mystery', 'Romance', 'Thriller']",8.3,411386,16+,100,3200000
Волшебник страны Оз,1939,102,"['Adventure', 'Family', 'Fantasy']",8.1,411066,0+,92,2076020
Гадкий я 2,2013,98,"['Animation', 'Adventure', 'Comedy']",7.3,411020,0+,62,368061265
"Хроники Нарнии: Лев, Колдунья и волшебный шкаф",2005,143,"['Adventure', 'Family', 'Fantasy']",6.9,410829,6+,75,291709845
Амадей,1984,160,"['Biography', 'Drama', 'Music']",8.4,410243,R,88,51973029
Игра,1997,129,"['Drama', 'Mystery', 'Thriller']",7.7,409991,R,63,48323648
Житие Брайана по Монти Пайтон,1979,94,['Comedy'],8.0,409424,12+,77,20045115
Монстро,2008,85,"['Action', 'Adventure', 'Horror']",7.0,409248,16+,64,80048433
Крестный отец: Часть III,1990,162,"['Crime', 'Drama']",7.6,408329,16+,60,66666062
Терминатор 3: Восстание машин,2003,109,"['Action', 'Sci-Fi']",6.3,408174,16+,66,150371112
Чёрный ястреб,2001,144,"['Action', 'Drama', 'History']",7.7,407990,16+,74,108638745
Принцесса Мононоке,1997,134,"['Animation', 'Action', 'Adventure']",8.3,407619,12+,76,2375308
Форсаж 6,2013,130,"['Action', 'Adventure', 'Crime']",7.0,405136,12+,61,238679850
Ирландец,2019,209,"['Biography', 'Crime', 'Drama']",7.8,404822,R,94,7000000
Шан-Чи и легенда десяти колец,2021,132,"['Action', 'Adventure', 'Fantasy']",7.4,404257,16+,71,224543292
Отличница лёгкого поведения,2010,92,"['Comedy', 'Drama', 'Romance']",7.0,402327,14+,72,58401464
Город воров,2010,125,"['Crime', 'Drama', 'Thriller']",7.5,402047,R,74,92186262
Форсаж 7,2015,137,"['Action', 'Crime', 'Thriller']",7.1,401894,16+,67,353007020
Форсаж,2001,106,"['Action', 'Crime', 'Thriller']",6.8,401694,16+,58,144533925
Машинист,2004,101,"['Drama', 'Thriller']",7.7,401565,16+,61,1082715
Двенадцать друзей Оушена,2004,125,"['Crime', 'Thriller']",6.5,401074,16+,58,125544280
Аватар: Путь воды,2022,192,"['Action', 'Adventure', 'Fantasy']",7.7,400693,PG-13,67,659682302
Дрянные девчонки,2004,97,['Comedy'],7.1,399917,12+,66,86058055
Маска,1994,101,"['Action', 'Comedy', 'Crime']",6.9,399886,12+,56,119938730
Звезда родилась,2018,136,"['Drama', 'Music', 'Romance']",7.6,398406,18+,88,215288866
Особо опасен,2008,110,"['Action', 'Crime', 'Thriller']",6.7,398355,16+,64,134508551
Чёрная Вдова,2021,134,"['Action', 'Adventure', 'Sci-Fi']",6.7,398292,16+,68,183651655
Джуманджи: Зов джунглей,2017,119,"['Action', 'Adventure', 'Comedy']",6.9,397873,16+,58,404515480
Жизнь других,2006,137,"['Drama', 'Mystery', 'Thriller']",8.4,397091,16+,89,11286112
Тупой и еще тупее,1994,107,['Comedy'],7.3,396577,16+,41,127175354
Крепкий орешек 3,1995,128,"['Action', 'Adventure', 'Thriller']",7.6,396294,16+,58,100012499
Достать ножи: Стеклянная луковица,2022,139,"['Comedy', 'Crime', 'Drama']",7.1,395306,PG-13,81,0
Форсаж 5,2011,130,"['Action', 'Crime', 'Thriller']",7.3,393652,16+,66,209837675
Джон Уик 3,2019,130,"['Action', 'Crime', 'Thriller']",7.4,393308,18+,73,171015687
Главный герой,2021,115,"['Action', 'Adventure', 'Comedy']",7.1,392267,16+,62,121626598
Мачо и ботан 2,2014,112,"['Action', 'Comedy', 'Crime']",7.0,389752,16+,71,191719337
Бэтмен,1989,126,"['Action', 'Adventure']",7.5,388195,,69,251188924
Без лица,1997,138,"['Action', 'Crime', 'Sci-Fi']",7.3,388049,14+,82,112225777
Виноваты звезды,2014,126,"['Drama', 'Romance']",7.7,387746,12+,69,124872350
Люди в чёрном 2,2002,88,"['Action', 'Adventure', 'Comedy']",6.2,387541,12+,49,190418803
127 часов,2010,94,"['Biography', 'Drama']",7.5,387231,16+,82,18335230
Малефисента,2014,97,"['Adventure', 'Family', 'Fantasy']",6.9,386810,12+,56,241410378
2012,2009,158,"['Action', 'Adventure', 'Sci-Fi']",5.8,386573,14+,49,166112167
Великий уравнитель,2014,132,"['Action', 'Crime', 'Thriller']",7.2,385291,16+,57,101530738
Адвокат дьявола,1997,144,"['Drama', 'Mystery', 'Thriller']",7.5,385279,16+,60,60984028
Миссия невыполнима: Племя изгоев,2015,131,"['Action', 'Adventure', 'Thriller']",7.4,384730,16+,75,195042377
Не пойман - не вор,2006,129,"['Crime', 'Drama', 'Mystery']",7.6,384363,R,76,88513495
Иллюзионист,2006,110,"['Drama', 'Fantasy', 'Mystery']",7.5,380570,12+,68,39868642
Секс по дружбе,2011,109,"['Comedy', 'Romance']",6.5,380383,16+,63,55802754
Ограбление по-итальянски,2003,111,"['Action', 'Crime', 'Thriller']",7.0,377715,12+,68,106128601
Боец,2010,116,"['Action', 'Biography', 'Drama']",7.8,377467,16+,79,93617009
Скорость,1994,116,"['Action', 'Adventure', 'Thriller']",7.3,377215,12+,78,121248145
Другие,2001,101,"['Horror', 'Mystery', 'Thriller']",7.6,377180,16+,74,96522687
Немножко беременна,2007,129,"['Comedy', 'Romance']",6.9,376599,16+,85,148734225
"Суини Тодд, демон-парикмахер с Флит-стрит",2007,116,"['Drama', 'Horror', 'Musical']",7.3,376486,18+,83,52898073
Один дома 2: Затерянный в Нью-Йорке,1992,120,"['Adventure', 'Comedy', 'Crime']",6.8,375556,12+,46,173585516
Отряд самоубийц: Миссия навылет,2021,132,"['Action', 'Adventure', 'Comedy']",7.2,374719,18+,72,55817425
Люди в черном 3,2012,106,"['Action', 'Adventure', 'Comedy']",6.8,373640,12+,58,179020854
Знаки,2002,106,"['Drama', 'Mystery', 'Sci-Fi']",6.8,373434,12+,59,227966634
Сквозь снег,2013,126,"['Action', 'Drama', 'Sci-Fi']",7.1,372543,R,84,4563650
Гнев,2004,146,"['Action', 'Crime', 'Drama']",7.7,372486,16+,47,77911774
Университет монстров,2013,104,"['Animation', 'Adventure', 'Comedy']",7.2,372076,6+,65,268492764
Всегда говори «ДА»,2008,104,"['Comedy', 'Romance']",6.8,371796,12+,46,97690976
Авиатор,2004,170,"['Biography', 'Drama']",7.5,371684,12+,77,102608827
Крепкий орешек 2,1990,124,"['Action', 'Thriller']",7.1,370923,18+,67,117540947
Лего. Фильм,2014,100,"['Animation', 'Action', 'Adventure']",7.7,370520,6+,83,257760692
Выходной день Ферриса Бьюллера,1986,103,['Comedy'],7.8,370257,12+,61,70136369
Сонная Лощина,1999,105,"['Fantasy', 'Horror', 'Mystery']",7.3,370236,12+,65,101071502
Терминатор: Да придёт спаситель,2009,115,"['Action', 'Adventure', 'Sci-Fi']",6.5,369296,12+,49,125322469
Горбатая гора,2005,134,"['Drama', 'Romance']",7.7,368118,16+,87,83043761
Облачный атлас,2012,172,"['Drama', 'Mystery', 'Sci-Fi']",7.4,367712,16+,55,27108272
Малхолланд Драйв,2001,147,"['Drama', 'Mystery', 'Thriller']",7.9,367527,18+,86,7220243
Миссия: невыполнима 3,2006,126,"['Action', 'Adventure', 'Thriller']",6.9,367226,12+,66,134029801
Луна 2112,2009,97,"['Drama', 'Mystery', 'Sci-Fi']",7.8,366988,R,67,5009677
Телеведущий: Легенда о Роне Бургунди,2004,94,['Comedy'],7.1,366976,12+,63,85288303
50 первых поцелуев,2004,99,"['Comedy', 'Drama', 'Romance']",6.8,366924,18+,48,120908074
Тор: Любовь и гром,2022,118,"['Action', 'Adventure', 'Comedy']",6.2,365741,PG-13,57,343256830
Незваные гости,2005,119,"['Comedy', 'Romance']",7.0,365269,16+,64,209218368
Бойфренд из будущего,2013,123,"['Comedy', 'Drama', 'Fantasy']",7.8,365176,R,55,15322921
Шазам!,2019,132,"['Action', 'Adventure', 'Comedy']",7.0,365063,12+,71,140371656
Крик,1996,111,"['Horror', 'Mystery']",7.4,364981,18+,65,103046663
Экипаж,2012,138,"['Drama', 'Thriller']",7.3,364239,18+,76,93772375
Бешеный бык,1980,129,"['Biography', 'Drama', 'Sport']",8.1,363710,16+,90,23383987
Быстрее пули,2022,127,"['Action', 'Comedy', 'Thriller']",7.3,363193,16+,49,103368602
Бункер,2004,156,"['Biography', 'Drama', 'History']",8.2,362811,12+,82,5509040
Отель «Руанда»,2004,121,"['Biography', 'Drama', 'History']",8.1,362247,PG-13,79,23530892
Джентльмены,2019,113,"['Action', 'Comedy', 'Crime']",7.8,361788,18+,51,36471795
Хан Соло: Звездные войны. Истории,2018,135,"['Action', 'Adventure', 'Sci-Fi']",6.9,361601,12+,62,213767512
Ночь в музее,2006,108,"['Adventure', 'Comedy', 'Family']",6.4,361219,6+,48,250863268
Супер 8,2011,112,"['Action', 'Mystery', 'Sci-Fi']",7.0,361184,PG-13,72,127004179
Однажды в Америке,1984,229,"['Crime', 'Drama']",8.3,360928,16+,75,5321508
Звонок,2002,115,"['Horror', 'Mystery']",7.1,360676,16+,57,129128133
Вечные,2021,156,"['Action', 'Adventure', 'Fantasy']",6.3,360465,18+,52,164870234
Отрочество,2014,165,['Drama'],7.9,360345,18+,100,25379975
Птичий короб,2018,124,"['Horror', 'Mystery', 'Sci-Fi']",6.6,359889,R,51,0
Джеки Браун,1997,154,"['Crime', 'Drama', 'Thriller']",7.5,359246,16+,64,39673162
Джуманджи,1995,104,"['Adventure', 'Comedy', 'Family']",7.0,359017,6+,39,100475249
Константин,2005,121,"['Action', 'Fantasy', 'Horror']",7.0,358962,16+,50,75976178
10 причин моей ненависти,1999,97,"['Comedy', 'Drama', 'Romance']",7.3,358898,12+,70,38176108
Королевство полной луны,2012,94,"['Comedy', 'Drama', 'Family']",7.8,357607,12+,84,45512466
Тринадцать друзей Оушена,2007,122,"['Crime', 'Thriller']",6.9,356435,16+,62,117154724
С широко закрытыми глазами,1999,159,"['Drama', 'Mystery', 'Thriller']",7.5,355117,16+,68,55691208
Солнцестояние,2019,148,"['Drama', 'Horror', 'Mystery']",7.1,353759,18+,72,27331977
Неудержимые,2010,103,"['Action', 'Adventure', 'Thriller']",6.4,353635,18+,45,103068524
Мой сосед Тоторо,1988,86,"['Animation', 'Comedy', 'Family']",8.1,353630,0+,86,1105564
Миссия: невыполнима 2,2000,123,"['Action', 'Adventure', 'Thriller']",6.1,353531,12+,59,215409889
Семь самураев,1954,207,"['Action', 'Drama']",8.6,353331,,98,269061
Моана,2016,107,"['Animation', 'Adventure', 'Comedy']",7.6,352725,6+,81,248757044
Кошмар перед Рождеством,1993,76,"['Animation', 'Family', 'Fantasy']",7.9,352110,12+,82,75082668
Впритык,2010,95,"['Comedy', 'Drama']",6.5,350570,16+,51,100539043
Джек Ричер,2012,130,"['Action', 'Mystery', 'Thriller']",7.0,350471,16+,50,80070736
Как приручить дракона 2,2014,102,"['Animation', 'Action', 'Adventure']",7.8,348302,0+,77,177002924
"Ананасовый экспресс: Сижу, курю",2008,111,"['Action', 'Comedy', 'Crime']",6.9,348145,18+,64,87341380
Железная хватка,2010,110,"['Drama', 'Western']",7.6,347529,14+,80,171243005
Скала,1996,136,"['Action', 'Adventure', 'Thriller']",7.4,347397,16+,58,134069511
Охотник на оленей,1978,183,"['Drama', 'War']",8.1,347138,16+,86,48979328
Душа,2020,100,"['Animation', 'Adventure', 'Comedy']",8.0,346632,6+,83,0
Трон: Наследие,2010,125,"['Action', 'Adventure', 'Sci-Fi']",6.8,345847,12+,49,172062763
Миссия невыполнима: Последствия,2018,147,"['Action', 'Adventure', 'Thriller']",7.7,345760,16+,86,220159104
Невидимая сторона,2009,129,"['Biography', 'Drama', 'Sport']",7.6,345145,PG-13,53,255959475
Быть Джоном Малковичем,1999,113,"['Comedy', 'Drama', 'Fantasy']",7.7,344304,14+,90,22858926
Kingsman: Золотое кольцо,2017,141,"['Action', 'Adventure', 'Comedy']",6.7,344064,18+,44,100234838
Голодные игры: Сойка-пересмешница. Часть II,2015,137,"['Action', 'Adventure', 'Sci-Fi']",6.5,343928,16+,65,281723902
Знакомство с родителями,2000,108,"['Comedy', 'Romance']",7.0,343816,0+,73,166244045
Славные парни,2016,116,"['Action', 'Comedy', 'Crime']",7.3,343531,16+,70,36261763
Сокровище нации,2004,131,"['Action', 'Adventure', 'Mystery']",6.9,343383,12+,40,173008894
Стрелок,2007,124,"['Action', 'Drama', 'Thriller']",7.1,343214,16+,53,47003582
Реинкарнация,2018,127,"['Drama', 'Horror', 'Mystery']",7.3,343036,18+,87,44069456
Клик: с пультом по жизни,2006,107,"['Comedy', 'Drama', 'Fantasy']",6.4,342564,12+,45,137355633
Мне бы в небо,2009,109,"['Comedy', 'Drama', 'Romance']",7.4,342373,R,83,83823381
Охота,2012,115,['Drama'],8.3,342242,16+,77,687185
Интервью,2014,112,"['Action', 'Adventure', 'Comedy']",6.5,341840,18+,52,6105175
После прочтения сжечь,2008,96,"['Comedy', 'Crime', 'Drama']",7.0,341564,16+,63,60355347
Перл Харбор,2001,183,"['Action', 'Drama', 'History']",6.2,341499,12+,44,198542554
Вспомнить всё,1990,113,"['Action', 'Adventure', 'Sci-Fi']",7.5,341331,18+,60,119394840
Живая сталь,2011,127,"['Action', 'Drama', 'Sci-Fi']",7.1,341188,12+,56,85468508
"Кловерфилд, 10",2016,103,"['Drama', 'Horror', 'Mystery']",7.2,340402,16+,76,72082998
Аннигиляция,2018,115,"['Adventure', 'Drama', 'Horror']",6.8,340112,R,79,32732301
Предложение,2009,108,"['Comedy', 'Drama', 'Romance']",6.7,339630,14+,48,163958031
Симпсоны в кино,2007,87,"['Animation', 'Adventure', 'Comedy']",7.3,339195,12+,80,183135014
Хеллбой: Герой из пекла,2004,122,"['Action', 'Adventure', 'Fantasy']",6.8,338855,16+,72,59623958
Эквилибриум,2002,107,"['Action', 'Drama', 'Sci-Fi']",7.3,338727,16+,33,1203974
Красотка,1990,119,"['Comedy', 'Romance']",7.1,338134,16+,51,178406268
Однажды на Диком Западе,1968,165,['Western'],8.5,337596,PG-13,82,5321508
Отверженные,2012,158,"['Drama', 'Musical', 'Romance']",7.5,336882,12+,63,148809770
Фантастическая четвёрка,2005,106,"['Action', 'Adventure', 'Fantasy']",5.7,336292,12+,40,154696080
Жизнь прекрасна,2011,100,"['Comedy', 'Drama', 'Romance']",7.6,336279,R,72,35014192
Мумия возвращается,2001,130,"['Action', 'Adventure', 'Fantasy']",6.4,335414,12+,48,202019785
Китайский квартал,1974,130,"['Drama', 'Mystery', 'Thriller']",8.2,335204,16+,92,8486653
На север через северо-запад,1959,136,"['Action', 'Adventure', 'Mystery']",8.3,335034,12+,98,13275000
Интервью с вампиром,1994,123,"['Drama', 'Fantasy', 'Horror']",7.5,333001,16+,59,105264608
Парк юрского периода III,2001,92,"['Action', 'Adventure', 'Sci-Fi']",5.9,330754,12+,42,181171875
Конг: Остров черепа,2017,118,"['Action', 'Adventure', 'Fantasy']",6.6,330619,12+,62,168052812
Хранитель времени,2011,126,"['Adventure', 'Drama', 'Family']",7.5,329003,12+,83,73864507
Мир Юрского периода 2,2018,128,"['Action', 'Adventure', 'Sci-Fi']",6.1,327950,12+,51,417719760
Книга Илая,2010,118,"['Action', 'Adventure', 'Drama']",6.8,327529,R,53,94835059
Невероятная жизнь Уолтера Митти,2013,114,"['Adventure', 'Comedy', 'Drama']",7.3,326991,PG,54,58236838
Оружейный барон,2005,122,"['Crime', 'Drama']",7.6,326718,18+,62,24149632
Пятьдесят оттенков серого,2015,125,"['Drama', 'Romance', 'Thriller']",4.2,326571,18+,46,166167230
От заката до рассвета,1996,108,"['Action', 'Crime', 'Horror']",7.2,325951,16+,48,25753840
Пираты Карибского моря: Мертвецы не рассказывают сказки,2017,129,"['Action', 'Adventure', 'Fantasy']",6.5,325387,16+,39,172558876
История о супружестве,2019,137,"['Drama', 'Romance']",7.9,325328,R,94,2000000
Правила съема: Метод Хитча,2005,118,"['Comedy', 'Romance']",6.6,325326,12+,58,179495555
Ноттинг Хилл,1999,124,"['Comedy', 'Drama', 'Romance']",7.2,325284,12+,68,116089678
Мальчишник: Часть III,2013,100,"['Comedy', 'Crime']",5.8,323894,16+,30,112200072
Мгла,2007,126,"['Horror', 'Sci-Fi', 'Thriller']",7.1,323290,16+,58,25594957
Унесённые ветром,1939,238,"['Drama', 'Romance', 'War']",8.2,322823,,97,198676459
Убить пересмешника,1962,129,"['Crime', 'Drama']",8.3,322592,,88,0
Меню,2022,107,"['Comedy', 'Horror', 'Thriller']",7.2,322257,R,71,0
Трансформеры: Эпоха истребления,2014,165,"['Action', 'Adventure', 'Sci-Fi']",5.6,322010,12+,32,245439076
Солт,2010,100,"['Action', 'Thriller']",6.4,321882,14+,65,118311368
Остров,2005,136,"['Action', 'Sci-Fi', 'Thriller']",6.8,321276,12+,50,35818913
Перед рассветом,1995,101,"['Drama', 'Romance']",8.1,321082,R,77,5535405
Поезд на Юму,2007,122,"['Action', 'Crime', 'Drama']",7.7,320814,14+,76,53606916
Апокалипсис,2006,139,"['Action', 'Adventure', 'Drama']",7.8,320515,16+,68,50866635
"О, где же ты, брат?",2000,107,"['Adventure', 'Comedy', 'Crime']",7.7,320309,0+,69,45512588
Агенты А.Н.К.Л.,2015,116,"['Action', 'Adventure', 'Comedy']",7.2,320297,12+,56,45445109
Красавица и чудовище,2017,129,"['Adventure', 'Family', 'Fantasy']",7.1,320140,16+,65,504014165
"Лжец, лжец",1997,86,"['Comedy', 'Fantasy']",6.9,319782,PG-13,70,181410615
Магнолия,1999,188,['Drama'],8.0,319753,18+,78,22455976
Астрал,2010,103,"['Horror', 'Mystery', 'Thriller']",6.8,319585,16+,52,54009150
Соседи. На тропе войны,2014,97,['Comedy'],6.3,319412,18+,68,150157400
Все без ума от Мэри,1998,119,"['Comedy', 'Romance']",7.1,319326,16+,69,176484651
Диктатор,2012,83,['Comedy'],6.4,319254,18+,58,59650222
Счастливое число Слевина,2006,110,"['Crime', 'Drama', 'Thriller']",7.7,319243,16+,53,22494487
Шрэк 3,2007,93,"['Animation', 'Adventure', 'Comedy']",6.1,319163,6+,58,320706665
The Untouchables,1987,119,"['Crime', 'Drama', 'Thriller']",7.8,319132,,79,76270454
Лунный свет,2016,111,['Drama'],7.4,318781,16+,99,27854932
Шпионский мост,2015,142,"['Drama', 'History', 'Thriller']",7.6,318765,16+,81,72313754
Дежа вю,2006,126,"['Action', 'Crime', 'Sci-Fi']",7.1,318113,PG-13,59,64038616
Идеальный голос,2012,112,"['Comedy', 'Music', 'Romance']",7.1,317895,16+,66,65001093
Донни Браско,1997,127,"['Biography', 'Crime', 'Drama']",7.7,317319,0+,76,41909762
Школа рока,2003,109,"['Comedy', 'Music']",7.2,316948,12+,82,81261177
Битлджюс,1988,92,"['Comedy', 'Fantasy']",7.5,316596,12+,70,73707461
Мы,2019,116,"['Horror', 'Mystery', 'Thriller']",6.8,316195,18+,81,175084580
РЭД,2010,111,"['Action', 'Comedy', 'Crime']",7.0,315883,12+,60,90380162
Искусственный разум,2001,146,"['Drama', 'Sci-Fi']",7.2,315031,12+,65,78616689
Бэтмен возвращается,1992,126,"['Action', 'Crime', 'Fantasy']",7.1,314331,PG-13,68,162831698
Заложница 2,2012,92,"['Action', 'Crime', 'Thriller']",6.2,314100,16+,45,139854287
Телепорт,2008,88,"['Action', 'Adventure', 'Sci-Fi']",6.1,314059,12+,35,80172128
Неудержимые 2,2012,103,"['Action', 'Adventure', 'Thriller']",6.6,313702,18+,51,85017401
Рестлер,2008,109,"['Drama', 'Sport', 'Thriller']",7.9,313187,16+,80,26236603
Гаттака,1997,106,"['Drama', 'Sci-Fi', 'Thriller']",7.8,312704,PG-13,64,12339633
Эйс Вентура: Розыск домашних животных,1994,86,['Comedy'],6.9,312506,12+,37,72217000
Перевозчик,2002,92,"['Action', 'Crime', 'Thriller']",6.8,311387,16+,51,25296447
Запах женщины,1992,156,['Drama'],8.0,310685,12+,59,63895607
Суперсемейка 2,2018,118,"['Animation', 'Action', 'Adventure']",7.6,310569,6+,80,608581744
Джонни Д.,2009,140,"['Action', 'Biography', 'Crime']",7.0,310075,16+,70,97104620
Цель номер один,2012,157,"['Drama', 'History', 'Thriller']",7.4,309610,16+,95,95720716
Вавилон,2006,143,['Drama'],7.5,309413,16+,69,34302837
Заражение,2011,106,"['Drama', 'Thriller']",6.8,309084,12+,70,75658097
Эволюция Борна,2012,135,"['Action', 'Adventure', 'Thriller']",6.6,308864,18+,61,113203870
Семь жизней,2008,123,['Drama'],7.6,308763,16+,36,69951824
Гордость и предубеждение,2005,129,"['Drama', 'Romance']",7.8,308725,12+,82,38405088
Воздушная тюрьма,1997,115,"['Action', 'Crime', 'Thriller']",6.9,308488,0+,52,101117573
300 спартанцев: Расцвет империи,2014,102,"['Action', 'Drama']",6.2,308181,16+,48,106580051
Чужой 3,1992,114,"['Action', 'Horror', 'Sci-Fi']",6.4,308094,16+,59,55473600
Лучше не бывает,1997,139,"['Comedy', 'Drama', 'Romance']",7.7,307874,12+,67,148478011
Законопослушный гражданин,2009,109,"['Action', 'Crime', 'Drama']",7.4,307055,18+,34,73343413
Расплата,2016,128,"['Action', 'Thriller']",7.3,306018,18+,51,86260045
Звездный десант,1997,129,"['Action', 'Adventure', 'Sci-Fi']",7.3,305754,16+,52,54814377
Сводные братья,2008,98,['Comedy'],6.9,305691,16+,51,100468793
Беглец,1993,130,"['Action', 'Crime', 'Drama']",7.8,305008,PG-13,87,183875760
Леди Бёрд,2017,94,"['Comedy', 'Drama']",7.4,305006,18+,93,48958273
Иллюзия обмана 2,2016,129,"['Action', 'Adventure', 'Comedy']",6.4,303882,12+,46,65075540
Аполлон 13,1995,140,"['Adventure', 'Drama', 'History']",7.7,303842,12+,77,173837933
Бессонница,2002,118,"['Drama', 'Mystery', 'Thriller']",7.2,303505,16+,78,67355513
8 Миля,2002,110,"['Drama', 'Music']",7.2,303046,16+,77,116724075
Приключения Флика,1998,95,"['Animation', 'Adventure', 'Comedy']",7.2,302216,0+,77,162798565
Семейка Тененбаум,2001,110,"['Comedy', 'Drama']",7.6,301706,16+,76,52364010
Лоуренс Аравийский,1962,218,"['Adventure', 'Biography', 'Drama']",8.3,301638,,100,44824144
Доказательство смерти,2007,127,"['Action', 'Thriller']",7.0,301345,18+,0,0
Отпуск по обмену,2006,136,"['Comedy', 'Romance']",6.9,301264,14+,52,63224849
Ангелы и демоны,2009,138,"['Action', 'Mystery', 'Thriller']",6.7,301003,PG-13,48,133375846
Миссия «Серенити»,2005,119,"['Action', 'Adventure', 'Sci-Fi']",7.8,300510,12+,74,25514517
Мулан,1998,87,"['Animation', 'Adventure', 'Comedy']",7.6,299994,0+,71,120620254
Девичник в Вегасе,2011,125,"['Comedy', 'Romance']",6.8,299647,16+,75,169106725
Кунг-фу Панда 2,2011,90,"['Animation', 'Action', 'Adventure']",7.2,299288,0+,67,165249063
Форсаж 4,2009,107,"['Action', 'Crime', 'Thriller']",6.5,298643,16+,46,155064265
Неогранённые алмазы,2019,135,"['Crime', 'Drama', 'Thriller']",7.4,297739,R,91,0
Крид: Наследие Рокки,2015,133,"['Action', 'Drama', 'Sport']",7.6,297678,16+,82,109767581
Царство небесное,2005,144,"['Action', 'Adventure', 'Drama']",7.2,297271,R,63,47398413
Принц Персии: Пески времени,2010,116,"['Action', 'Adventure', 'Fantasy']",6.6,296358,12+,50,90759676
Уцелевший,2013,121,"['Action', 'Biography', 'Drama']",7.5,295927,16+,60,125095601
Хатико: самый верный друг,2009,93,"['Biography', 'Drama', 'Family']",8.1,295518,0+,0,0
Белоснежка и охотник,2012,127,"['Action', 'Adventure', 'Drama']",6.1,295345,12+,57,155332381
Фантастические твари: Преступления Грин-де-Вальда,2018,134,"['Adventure', 'Family', 'Fantasy']",6.5,294306,12+,52,159555901
Манчестер у моря,2016,137,['Drama'],7.8,294244,18+,96,47695371
Величайший шоумен,2017,105,"['Biography', 'Drama', 'Musical']",7.5,293573,12+,48,174340174
В пролёте,2008,111,"['Comedy', 'Drama', 'Romance']",7.1,293268,16+,67,63172463
Cтрах и ненависть в Лас-Вегасе,1998,118,"['Adventure', 'Comedy', 'Drama']",7.5,292008,16+,41,10680275
Красное уведомление,2021,118,"['Action', 'Comedy', 'Thriller']",6.3,291884,12+,37,0
Патруль времени,2014,97,"['Action', 'Drama', 'Sci-Fi']",7.4,291620,16+,69,68372
Мулен Руж,2001,127,"['Drama', 'Musical', 'Romance']",7.6,291540,12+,66,57386607
Сумерки. Сага. Новолуние,2009,130,"['Adventure', 'Drama', 'Fantasy']",4.8,291067,12+,44,296623634
Чужой: Завет,2017,122,"['Horror', 'Sci-Fi', 'Thriller']",6.4,290348,18+,65,74262031
Зеленый Фонарь,2011,114,"['Action', 'Adventure', 'Sci-Fi']",5.5,290091,12+,39,116601172
Под покровом ночи,2016,116,"['Drama', 'Thriller']",7.5,289983,18+,67,10663357
Армагеддец,2013,109,"['Action', 'Comedy', 'Sci-Fi']",6.9,289419,18+,81,26004851
Назови меня своим именем,2017,132,"['Drama', 'Romance']",7.8,289336,18+,94,18095701
Хэллоуин,1978,91,"['Horror', 'Thriller']",7.7,289129,18+,87,47000000
Никто,2021,92,"['Action', 'Crime', 'Drama']",7.4,288195,18+,64,27268035
Твоё имя,2016,106,"['Animation', 'Drama', 'Fantasy']",8.4,288130,12+,81,5017246
Могила светлячков,1988,89,"['Animation', 'Drama', 'War']",8.5,288113,,94,0
Искупление,2007,123,"['Drama', 'Mystery', 'Romance']",7.8,287891,R,85,50927067
В поисках Дори,2016,97,"['Animation', 'Adventure', 'Comedy']",7.3,287531,6+,77,486295561
Бриолин,1978,110,"['Comedy', 'Musical', 'Romance']",7.2,287457,12+,70,188755690
Возвращение Супермена,2006,154,"['Action', 'Adventure', 'Sci-Fi']",6.1,287405,12+,72,200081192
Битва титанов,2010,106,"['Action', 'Adventure', 'Fantasy']",5.8,287303,PG-13,39,163214888
Эльф,2003,97,"['Adventure', 'Comedy', 'Family']",7.1,287106,0+,64,173398518
Комната страха,2002,112,"['Crime', 'Drama', 'Thriller']",6.8,286845,16+,65,96397334
Ледниковый период 2: Глобальное потепление,2006,91,"['Animation', 'Adventure', 'Comedy']",6.8,286645,0+,59,195330621
Не дыши,2016,88,"['Crime', 'Horror', 'Thriller']",7.1,286365,18+,71,89217875
Угнать за 60 секунд,2000,118,"['Action', 'Crime', 'Thriller']",6.5,286324,12+,35,101648571
Балбесы,1985,114,"['Adventure', 'Comedy', 'Family']",7.7,285462,12+,62,61503218
Двойной форсаж,2003,107,"['Action', 'Crime', 'Thriller']",5.9,285047,12+,38,127154901
Блэйд,1998,120,"['Action', 'Horror', 'Sci-Fi']",7.1,284977,18+,47,70087718
Терминатор: Генезис,2015,126,"['Action', 'Adventure', 'Sci-Fi']",6.3,284817,12+,38,89760956
Тройной форсаж: Токийский дрифт,2006,104,"['Action', 'Crime', 'Thriller']",6.0,284792,12+,45,62514415
Труп невесты,2005,77,"['Animation', 'Drama', 'Family']",7.3,284441,12+,83,53359111
Почти знаменит,2000,122,"['Adventure', 'Comedy', 'Drama']",7.9,284134,18+,90,32534850
Книга джунглей,2016,106,"['Adventure', 'Drama', 'Family']",7.4,284008,6+,77,364001123
28 недель спуcтя,2007,100,"['Action', 'Adventure', 'Horror']",6.9,283919,18+,78,28638916
Падение Олимпа,2013,119,"['Action', 'Thriller']",6.5,283832,R,41,98925640
Чудо на Гудзоне,2016,96,"['Biography', 'Drama']",7.4,283580,16+,74,125070033
Контакт,1997,150,"['Drama', 'Mystery', 'Sci-Fi']",7.5,283228,0+,62,100920329
Судья Дредд 3D,2012,95,"['Action', 'Crime', 'Sci-Fi']",7.1,283203,18+,60,13414714
Патриот,2000,165,"['Action', 'Drama', 'History']",7.2,283190,16+,63,113330342
Ганнибал,2001,131,"['Crime', 'Drama', 'Thriller']",6.8,283150,18+,57,165092268
Заклятие 2,2016,134,"['Horror', 'Mystery', 'Thriller']",7.3,282413,18+,65,102470008
1408,2007,104,"['Fantasy', 'Horror', 'Mystery']",6.8,282294,PG-13,64,71985628
Красный Дракон,2002,124,"['Crime', 'Drama', 'Thriller']",7.2,281836,18+,60,93149898
Образцовый самец,2001,90,['Comedy'],6.5,281439,12+,61,45172250
Оно 2,2019,169,"['Drama', 'Fantasy', 'Horror']",6.5,280948,18+,58,211593228
"Прощай, детка, прощай",2007,114,"['Crime', 'Drama', 'Mystery']",7.6,280666,16+,72,20300218
Выпускник,1967,106,"['Comedy', 'Drama', 'Romance']",8.0,280321,PG,83,104945305
Пипец 2,2013,103,"['Action', 'Comedy', 'Crime']",6.5,280127,18+,41,28795985
Час пик,1998,98,"['Action', 'Comedy', 'Crime']",7.0,279777,12+,60,141153686
Алита: Боевой ангел,2019,122,"['Action', 'Adventure', 'Sci-Fi']",7.3,279542,16+,53,85710210
Джон Картер,2012,132,"['Action', 'Adventure', 'Sci-Fi']",6.6,279198,12+,51,73078100
Обитель зла,2002,100,"['Action', 'Horror', 'Sci-Fi']",6.6,279026,18+,33,40119709
Чудо-женщина: 1984,2020,151,"['Action', 'Adventure', 'Fantasy']",5.4,279022,12+,60,46370364
Ранго,2011,107,"['Animation', 'Action', 'Adventure']",7.2,278902,0+,75,123477607
Хеллбой II: Золотая армия,2008,120,"['Action', 'Adventure', 'Fantasy']",7.0,278747,16+,78,75754670
Знакомство с Факерами,2004,115,"['Comedy', 'Romance']",6.3,278216,12+,41,279261160
Копы в глубоком запасе,2010,107,"['Action', 'Comedy', 'Crime']",6.6,277807,PG-13,64,119219978
Место под соснами,2012,140,"['Crime', 'Drama', 'Thriller']",7.3,277693,16+,68,21383298
Звёздная пыль,2007,127,"['Adventure', 'Family', 'Fantasy']",7.6,277634,PG-13,66,38634938
Ведьма,2015,92,"['Drama', 'Fantasy', 'Horror']",6.9,277603,16+,83,25138705
Русалочка,1989,83,"['Animation', 'Adventure', 'Family']",7.6,277568,0+,88,111543479
Другой мир,2003,121,"['Action', 'Fantasy', 'Thriller']",7.0,277321,18+,42,51970690
Танцующий с волками,1990,181,"['Adventure', 'Drama', 'Western']",8.0,277053,6+,72,184208848
Аладдин,2019,128,"['Adventure', 'Comedy', 'Family']",6.9,276953,6+,53,355559216
Мегамозг,2010,95,"['Animation', 'Action', 'Comedy']",7.3,276946,0+,63,148415853
Миссис Даутфайр,1993,125,"['Comedy', 'Drama']",7.1,276923,0+,53,219200000
Телефонная будка,2002,81,"['Crime', 'Thriller']",7.1,276567,16+,56,46566212
Ванильное небо,2001,136,"['Fantasy', 'Mystery', 'Romance']",6.9,276413,16+,45,100614858
Офисное пространство,1999,89,['Comedy'],7.6,276264,16+,68,10824921
Проклятый путь,2002,117,"['Crime', 'Drama', 'Thriller']",7.7,276236,16+,72,104454762
Джерри Магуайер,1996,139,"['Comedy', 'Drama', 'Romance']",7.3,276100,0+,77,153952592
"Крадущийся тигр, затаившийся дракон",2000,120,"['Action', 'Adventure', 'Drama']",7.9,275884,12+,94,128078872
Робин Гуд,2010,140,"['Action', 'Adventure', 'Drama']",6.6,275533,16+,53,105269730
Плохие парни,1995,119,"['Action', 'Comedy', 'Crime']",6.8,275294,R,41,65807024
Ван Хельсинг,2004,131,"['Action', 'Adventure', 'Fantasy']",6.0,274937,12+,35,120177084
Перед закатом,2004,80,"['Drama', 'Romance']",8.1,274406,16+,91,5820649
Чёрный клановец,2018,135,"['Biography', 'Comedy', 'Crime']",7.5,274344,18+,83,49275340
Несколько хороших парней,1992,138,"['Drama', 'Thriller']",7.7,273768,0+,62,141340178
В джазе только девушки,1959,121,"['Comedy', 'Music', 'Romance']",8.2,273520,,98,25000000
Мрачные тени,2012,113,"['Comedy', 'Fantasy', 'Horror']",6.2,273323,12+,55,79727149
Ночи в стиле буги,1997,155,['Drama'],7.9,273038,18+,85,26400640
Халк,2003,138,"['Action', 'Sci-Fi']",5.6,272914,16+,54,132177234
Чёрная Пантера: Ваканда навеки,2022,161,"['Action', 'Adventure', 'Drama']",6.7,271928,PG-13,67,453721831
Очень страшное кино,2000,88,['Comedy'],6.2,271792,16+,48,157019771
Фантастическая четвёрка: Вторжение Серебряного сёрфера,2007,92,"['Action', 'Adventure', 'Fantasy']",5.6,271382,12+,45,131921738
Ведьма из Блэр: Курсовая с того света,1999,81,"['Horror', 'Mystery']",6.5,271254,16+,81,140539099
Варкрафт,2016,123,"['Action', 'Adventure', 'Fantasy']",6.7,270768,12+,32,47365290
Лобстер,2015,119,"['Drama', 'Romance', 'Sci-Fi']",7.1,270614,18+,82,8699235
Энни Холл,1977,93,"['Comedy', 'Romance']",8.0,270567,12+,92,39200000
Афера,1973,129,"['Comedy', 'Crime', 'Drama']",8.3,269901,0+,83,159600000
Воздушный маршал,2014,106,"['Action', 'Mystery', 'Thriller']",6.9,269832,16+,56,92168600
Правдивая ложь,1994,141,"['Action', 'Comedy', 'Thriller']",7.3,269733,R,63,146282411
Враг у ворот,2001,131,"['Action', 'Drama', 'War']",7.5,269284,16+,53,51401758
Убийство в Восточном экспрессе,2017,114,"['Crime', 'Drama', 'Mystery']",6.5,269220,16+,52,102826543
Таинственный лес,2004,108,"['Drama', 'Mystery', 'Thriller']",6.6,269016,12+,44,114197520
Новый кинотеатр «Парадизо»,1988,155,"['Drama', 'Romance']",8.5,268932,16+,80,11990401
Гринч - похититель Рождества,2000,104,"['Comedy', 'Family', 'Fantasy']",6.3,268893,12+,46,260044825
El Camino: Во все тяжкие,2019,122,"['Action', 'Crime', 'Drama']",7.3,268220,,72,0
Робокоп,1987,102,"['Action', 'Crime', 'Sci-Fi']",7.6,268004,18+,70,53424681
Кокаин,2001,124,"['Biography', 'Crime', 'Drama']",7.5,267363,18+,52,52990775
Планета обезьян: Война,2017,140,"['Action', 'Adventure', 'Drama']",7.4,267221,16+,82,146880162
До встречи с тобой,2016,106,"['Drama', 'Romance']",7.4,267187,16+,51,56245075
Смертельное оружие,1987,109,"['Action', 'Crime', 'Thriller']",7.6,266709,18+,68,65207127
Монстры на каникулах,2012,91,"['Animation', 'Adventure', 'Comedy']",7.0,266352,6+,47,148313048
Семь психопатов,2012,110,"['Comedy', 'Crime']",7.1,266351,16+,66,15024049
Пункт назначения,2000,98,"['Horror', 'Thriller']",6.7,266061,16+,36,53331147
Линкольн,2012,150,"['Biography', 'Drama', 'History']",7.3,265907,16+,87,182207973
Неизвестный,2011,113,"['Action', 'Mystery', 'Thriller']",6.8,265455,PG-13,56,63686397
Джуманджи: Новый уровень,2019,123,"['Action', 'Adventure', 'Comedy']",6.7,264399,12+,58,316831246
Собачий полдень,1975,125,"['Biography', 'Crime', 'Drama']",8.0,264252,16+,86,50000000
Синистер,2012,110,"['Horror', 'Mystery', 'Thriller']",6.8,263921,18+,53,48086903
Капитан Крюк,1991,142,"['Adventure', 'Comedy', 'Family']",6.8,263811,0+,52,119654823
Команда «А»,2010,117,"['Action', 'Adventure', 'Crime']",6.7,263782,PG-13,47,77222099
Ветреная река,2017,107,"['Crime', 'Drama', 'Mystery']",7.7,263320,18+,73,33800859
На несколько долларов больше,1965,132,"['Drama', 'Western']",8.2,263170,14+,74,15000000
Золотой глаз,1995,130,"['Action', 'Adventure', 'Thriller']",7.2,263077,12+,65,106600000
Рассвет мертвецов,2004,101,"['Action', 'Horror']",7.3,263011,18+,59,59020957
История игрушек 4,2019,100,"['Animation', 'Adventure', 'Comedy']",7.7,262871,6+,84,434038008
Меняющие реальность,2011,106,"['Romance', 'Sci-Fi', 'Thriller']",7.0,262816,12+,60,62495645
Американский пирог 2,2001,108,['Comedy'],6.4,262754,16+,43,145103595
Рэмбо: Первая кровь,1982,93,"['Action', 'Adventure', 'Thriller']",7.7,262728,16+,61,47212904
Матрица: Воскрешение,2021,148,"['Action', 'Sci-Fi']",5.7,261767,16+,63,0
Вики Кристина Барселона,2008,96,"['Comedy', 'Drama', 'Romance']",7.1,261637,16+,70,23216709
Стажёр,2015,121,"['Comedy', 'Drama']",7.1,261452,16+,51,75764672
Бегущий в лабиринте: Испытание огнем,2015,131,"['Action', 'Adventure', 'Sci-Fi']",6.3,261421,16+,43,81697192
Одноклассники,2010,102,['Comedy'],5.9,261127,12+,30,162001186
Ной,2014,138,"['Action', 'Adventure', 'Drama']",5.8,260876,16+,68,101200044
Пила 2,2005,93,"['Horror', 'Mystery']",6.6,260680,18+,40,87039965
Подмена,2008,141,"['Biography', 'Crime', 'Drama']",7.8,260093,16+,63,35739802
Вспомнить всё,2012,118,"['Action', 'Adventure', 'Sci-Fi']",6.2,260036,12+,43,58877969
Робот по имени Чаппи,2015,120,"['Action', 'Crime', 'Drama']",6.8,260030,18+,41,31569268
Бэтмен и Робин,1997,125,"['Action', 'Sci-Fi']",3.7,259985,12+,28,107325195
Фокус,2015,105,"['Comedy', 'Crime', 'Drama']",6.6,259727,R,56,53862963
Пол: Секретный материальчик,2011,104,"['Adventure', 'Comedy', 'Sci-Fi']",6.9,259375,16+,57,37412945
Двадцать одно,2008,123,"['Crime', 'Drama', 'History']",6.8,259144,16+,48,81159365
Бэтмен навсегда,1995,121,"['Action', 'Adventure']",5.4,258944,PG-13,51,184031112
Рок-н-рольщик,2008,114,"['Action', 'Crime', 'Thriller']",7.2,258871,16+,53,5694401
Плохие парни 2,2003,147,"['Action', 'Comedy', 'Crime']",6.6,258679,16+,38,138608444
Вышибалы,2004,92,"['Comedy', 'Sport']",6.7,258119,12+,55,114326736
Парфюмер: История одного убийцы,2006,147,"['Crime', 'Drama', 'Fantasy']",7.5,258057,14+,56,2223293
Переступить черту,2005,136,"['Biography', 'Drama', 'Music']",7.8,257674,PG-13,72,119519402
Схватка,2011,117,"['Action', 'Adventure', 'Drama']",6.7,257488,16+,64,51580136
Пекло,2007,107,"['Sci-Fi', 'Thriller']",7.2,257438,16+,64,3675753
Mamma Mia!,2008,108,"['Comedy', 'Musical', 'Romance']",6.5,257241,PG-13,51,144130063
Патруль,2012,109,"['Action', 'Adventure', 'Crime']",7.6,257093,18+,68,41003371
Идентификация,2003,90,"['Mystery', 'Thriller']",7.3,256987,16+,64,52159536
Хроника,2012,89,"['Action', 'Drama', 'Sci-Fi']",7.0,256975,16+,69,64575175
Адреналин,2006,88,"['Action', 'Crime', 'Thriller']",6.9,255957,18+,57,27829874
Подводная лодка,1981,149,"['Drama', 'War']",8.4,255945,R,86,11487676
Король Лев,2019,118,"['Animation', 'Adventure', 'Drama']",6.8,254906,6+,55,543638043
Сумерки. Сага. Рассвет: Часть 2,2012,115,"['Adventure', 'Drama', 'Fantasy']",5.5,254837,12+,52,292298923
Чужой 4: Воскрешение,1997,109,"['Action', 'Horror', 'Sci-Fi']",6.2,254549,16+,63,47748610
Стекло,2019,129,"['Drama', 'Horror', 'Sci-Fi']",6.6,253960,16+,43,111048468
Ледниковый период 3: Эра динозавров,2009,94,"['Animation', 'Adventure', 'Comedy']",6.9,253767,0+,50,196573705
Притворись моей женой,2011,117,"['Comedy', 'Romance']",6.4,253729,PG-13,33,103028109
Оно следует,2014,100,"['Horror', 'Mystery', 'Thriller']",6.8,253393,18+,83,14674077
"Знакомьтесь, Джо Блэк",1998,178,"['Drama', 'Fantasy', 'Romance']",7.2,252852,16+,43,44619100
Морской бой,2012,131,"['Action', 'Adventure', 'Sci-Fi']",5.8,252493,12+,41,65422625
Сумерки. Сага. Затмение,2010,124,"['Action', 'Adventure', 'Drama']",5.0,252296,PG-13,58,300531751
Пока не сыграл в ящик,2007,97,"['Adventure', 'Comedy', 'Drama']",7.4,252076,12+,42,93466502
Стартрек: Бесконечность,2016,122,"['Action', 'Adventure', 'Sci-Fi']",7.0,252044,12+,68,158848340
Чтец,2008,124,"['Drama', 'Romance']",7.6,251896,16+,58,34194407
Как отделаться от парня за 10 дней,2003,116,"['Comedy', 'Romance']",6.4,251856,12+,45,105813373
Дневник Бриджет Джонс,2001,97,"['Comedy', 'Drama', 'Romance']",6.8,251440,12+,66,71543427
Операция «Валькирия»,2008,121,"['Drama', 'History', 'Thriller']",7.1,251103,14+,56,83077833
Враг государства,1998,132,"['Action', 'Thriller']",7.3,251090,0+,67,111549836
Порок на экспорт,2007,100,"['Crime', 'Drama', 'Thriller']",7.6,251058,18+,83,17114882
Шпион,2015,120,"['Action', 'Comedy']",7.0,250682,16+,75,110825712
Хищные птицы: Потрясающая история Харли Квинн,2020,109,"['Action', 'Comedy', 'Crime']",6.1,250148,18+,60,84158461
План побега,2013,115,"['Action', 'Thriller']",6.7,250016,16+,49,25132228
Большой побег,1963,172,"['Adventure', 'Drama', 'History']",8.2,249808,,86,12100000
Развод Надера и Симин,2011,123,['Drama'],8.3,249784,PG-13,95,7098492
Турист,2010,103,"['Action', 'Thriller']",6.0,249492,14+,37,67631157
Поющие под дождём,1952,103,"['Comedy', 'Musical', 'Romance']",8.3,249381,G,99,8819028
Филадельфия,1993,125,['Drama'],7.7,249104,16+,66,77324422
Аэроплан!,1980,88,['Comedy'],7.7,249064,12+,78,83400000
Тихое место 2,2020,97,"['Drama', 'Horror', 'Sci-Fi']",7.2,248783,16+,71,160072261
Новые времена,1936,87,"['Comedy', 'Drama', 'Romance']",8.5,248710,0+,96,163245
Кошмар на улице Вязов,1984,91,['Horror'],7.4,248684,18+,76,25504513
Остин Пауэрс: Человек-загадка международного масштаба,1997,94,"['Adventure', 'Comedy']",7.0,248310,16+,51,53883989
Человек-слон,1980,124,"['Biography', 'Drama']",8.2,248276,14+,78,0
Чёрный Адам,2022,125,"['Action', 'Adventure', 'Fantasy']",6.3,247938,PG-13,41,168152111
К звёздам,2019,123,"['Adventure', 'Drama', 'Mystery']",6.5,247641,16+,80,50188370
Миньоны,2015,91,"['Animation', 'Adventure', 'Comedy']",6.4,247538,6+,56,336045770
Паранормальное явление,2007,86,"['Horror', 'Mystery']",6.3,247474,16+,68,107918810
Левша,2015,124,"['Action', 'Crime', 'Drama']",7.3,247418,18+,57,52421953
Самый пьяный округ в мире,2012,116,"['Biography', 'Crime', 'Drama']",7.2,247305,18+,58,37400127
Чёрная дыра,2000,109,"['Action', 'Horror', 'Sci-Fi']",7.0,247257,R,49,39240659
Бесподобный мистер Фокс,2009,87,"['Animation', 'Adventure', 'Comedy']",7.9,247209,12+,83,21002919
Игра Эндера,2013,114,"['Action', 'Adventure', 'Sci-Fi']",6.6,246957,PG-13,51,61737191
Запрещённый приём,2011,110,"['Action', 'Adventure', 'Fantasy']",6.0,246767,PG-13,33,36392502
Платформа,2019,94,"['Horror', 'Sci-Fi', 'Thriller']",7.0,246592,,73,0
Разлом Сан-Андреас,2015,114,"['Action', 'Adventure', 'Thriller']",6.1,246567,PG-13,43,155190832
Сумерки. Сага. Рассвет: Часть 1,2011,117,"['Adventure', 'Drama', 'Fantasy']",4.9,246509,PG-13,45,281287133
Пляж,2000,119,"['Adventure', 'Drama', 'Romance']",6.6,246014,16+,43,39785027
Дорога,2009,111,"['Drama', 'Thriller']",7.2,245933,18+,64,56692
Круэлла,2021,134,"['Adventure', 'Comedy', 'Crime']",7.3,245709,12+,59,86103234
Потомки,2011,115,"['Comedy', 'Drama']",7.3,245702,16+,84,82584160
Сука любовь,2000,154,"['Drama', 'Thriller']",8.1,245646,16+,83,5383834
"Дивергент, глава 2: Инсургент",2015,119,"['Action', 'Adventure', 'Sci-Fi']",6.2,245622,12+,42,130179072
Сокровище нации: Книга Тайн,2007,124,"['Action', 'Adventure', 'Mystery']",6.5,245569,12+,48,219964115
Бен-Гур,1959,212,"['Adventure', 'Drama']",8.1,245466,0+,90,74700000
Призрачный гонщик,2007,110,"['Action', 'Fantasy', 'Thriller']",5.3,245381,12+,35,115802596
Ночные игры,2018,100,"['Action', 'Adventure', 'Comedy']",6.9,245102,18+,66,69179066
Звуки музыки,1965,172,"['Biography', 'Drama', 'Family']",8.1,245083,0+,63,163214286
Оправданная жестокость,2005,96,"['Action', 'Crime', 'Drama']",7.4,245037,18+,82,31493782
Артист,2011,100,"['Comedy', 'Drama', 'Romance']",7.9,244956,0+,89,44671682
Линкольн для адвоката,2011,118,"['Crime', 'Drama', 'Mystery']",7.3,244699,16+,63,58009200
Что гложет Гилберта Грейпа,1993,118,['Drama'],7.7,244527,16+,73,9170214
"Облачно, возможны осадки в виде фрикаделек",2009,90,"['Animation', 'Adventure', 'Comedy']",6.9,244448,0+,66,124870275
Фонтан,2006,97,"['Drama', 'Mystery', 'Romance']",7.2,243919,PG-13,51,10144010
"Я, снова я и Ирэн",2000,116,['Comedy'],6.6,243767,12+,49,90570999
Святые из Бундока,1999,108,"['Action', 'Thriller']",7.7,243628,16+,44,25812
Коралина в стране кошмаров,2009,100,"['Animation', 'Drama', 'Family']",7.7,243593,12+,80,75286229
Страсти Дон Жуана,2013,90,"['Comedy', 'Drama', 'Romance']",6.5,243204,R,66,24477704
Грязные танцы,1987,100,"['Drama', 'Music', 'Romance']",7.0,243100,12+,65,622968
Лев,2016,118,"['Biography', 'Drama']",8.0,242884,16+,69,51739495
Форсаж 8,2017,136,"['Action', 'Crime', 'Thriller']",6.6,242727,12+,56,226008385
Прирожденные убийцы,1994,119,"['Action', 'Crime', 'Drama']",7.2,242511,18+,74,50282766
Я - Четвертый,2011,111,"['Action', 'Adventure', 'Sci-Fi']",6.1,242023,12+,36,55100437
Геркулес,1997,93,"['Animation', 'Adventure', 'Comedy']",7.3,241739,0+,74,99046791
Паранойя,2007,105,"['Crime', 'Drama', 'Mystery']",6.8,241314,PG-13,62,80209692
21 грaмм,2003,124,"['Crime', 'Drama', 'Thriller']",7.6,241300,16+,70,16290476
Скрытые фигуры,2016,127,"['Biography', 'Drama', 'History']",7.8,241243,12+,74,169607287
"Остин Пауэрс: Шпион, который меня соблазнил",1999,95,"['Action', 'Adventure', 'Comedy']",6.6,240771,18+,59,206040086
Знамение,2009,121,"['Action', 'Mystery', 'Sci-Fi']",6.2,240727,PG-13,41,79957634
Страсти Христовы,2004,127,['Drama'],7.2,240333,16+,47,370782930
Живое,2017,104,"['Horror', 'Sci-Fi', 'Thriller']",6.6,240281,16+,54,30234022
Дитя тьмы,2009,123,"['Horror', 'Mystery', 'Thriller']",7.0,239966,16+,42,41596251
Любой ценой,2016,102,"['Crime', 'Drama', 'Thriller']",7.6,239498,18+,88,26862450
Одинокий рейнджер,2013,150,"['Action', 'Adventure', 'Western']",6.4,239464,12+,37,89302115
Господин Никто,2009,141,"['Drama', 'Fantasy', 'Romance']",7.7,239257,18+,63,3600
Куб,1997,90,"['Drama', 'Horror', 'Mystery']",7.1,238922,16+,61,501818
Телохранитель киллера,2017,118,"['Action', 'Comedy', 'Crime']",6.9,238560,18+,47,75468583
Человек-невидимка,2020,124,"['Drama', 'Horror', 'Mystery']",7.1,238466,18+,72,70410000
Веном 2,2021,97,"['Action', 'Sci-Fi', 'Thriller']",5.9,237966,16+,49,213550366
Рэмбо IV,2008,92,"['Action', 'Adventure', 'Thriller']",7.0,237918,16+,46,42754105
Энканто,2021,102,"['Animation', 'Comedy', 'Family']",7.2,237578,6+,75,96093622
Старая закалка,2003,88,['Comedy'],7.0,237533,16+,54,75585093
Рио,2011,96,"['Animation', 'Adventure', 'Comedy']",6.9,237398,0+,63,143619809
Охотники за привидениями,2016,117,"['Action', 'Comedy', 'Fantasy']",6.8,237275,16+,60,128344089
Хищники,2010,107,"['Action', 'Adventure', 'Fantasy']",6.4,237240,16+,51,52000688
"Больше, чем секс",2011,108,"['Comedy', 'Romance']",6.2,236998,16+,50,70662220
Приключения Тинтина: Тайна Единорога,2011,107,"['Animation', 'Action', 'Adventure']",7.3,236875,12+,68,77591831
Мадагаскар 2,2008,89,"['Animation', 'Adventure', 'Comedy']",6.6,236728,0+,61,180010950
Сайлент Хилл,2006,125,"['Horror', 'Mystery']",6.5,236681,16+,31,46982632
мама!,2017,121,"['Drama', 'Horror', 'Mystery']",6.6,236504,18+,75,17800004
Тепло наших тел,2013,98,"['Comedy', 'Horror', 'Romance']",6.8,236423,12+,60,66380662
Ганди,1982,191,"['Biography', 'Drama', 'History']",8.0,236339,,79,52767889
Ромео + Джульетта,1996,120,"['Drama', 'Romance']",6.8,236090,12+,60,46351345
Хроники Риддика,2004,119,"['Action', 'Adventure', 'Sci-Fi']",6.6,235982,12+,38,57761012
Чикaго,2002,113,"['Comedy', 'Crime', 'Musical']",7.2,235943,12+,81,170687518
Взрослая неожиданность,2008,99,['Comedy'],6.8,235776,16+,61,67294270
Счастливчик Гилмор,1996,92,"['Comedy', 'Sport']",7.0,235761,PG-13,31,38624000
Тарзан,1999,88,"['Animation', 'Adventure', 'Comedy']",7.3,235631,6+,79,171091819
Поезд в Пусан,2016,118,"['Action', 'Horror', 'Thriller']",7.6,235391,,73,2129768
Марс атакует!,1996,106,"['Comedy', 'Sci-Fi']",6.4,234909,12+,52,37771017
Gremlins,1984,106,"['Comedy', 'Fantasy', 'Horror']",7.3,234517,16+,70,148170000
Бабадук,2014,94,"['Horror', 'Mystery']",6.8,234290,16+,86,924279
Джейсон Борн,2016,123,"['Action', 'Thriller']",6.6,234070,PG-13,58,162434410
Робокоп,2014,117,"['Action', 'Crime', 'Sci-Fi']",6.2,233779,12+,52,58607007
Превосходство,2014,119,"['Action', 'Drama', 'Sci-Fi']",6.2,233612,12+,42,23022309
Спуск,2005,99,"['Adventure', 'Horror', 'Thriller']",7.2,233607,18+,71,26024456
Настоящая любовь,1993,119,"['Crime', 'Drama', 'Romance']",7.9,233600,18+,59,12281500
The Karate Kid,1984,126,"['Action', 'Drama', 'Family']",7.3,233541,,60,90815558
Парни со стволами,2016,114,"['Biography', 'Comedy', 'Crime']",7.1,233272,18+,57,43034523
Совокупность лжи,2008,128,"['Action', 'Drama', 'Thriller']",7.0,233146,16+,57,39394666
Первобытный страх,1996,129,"['Crime', 'Drama', 'Mystery']",7.7,232813,16+,47,56116183
Персонаж,2006,113,"['Comedy', 'Drama', 'Fantasy']",7.5,232691,12+,67,40137776
Мюнхен,2005,164,"['Action', 'Drama', 'History']",7.5,232318,16+,74,47403685
Маяк,2019,109,"['Drama', 'Fantasy', 'Mystery']",7.4,232045,18+,83,427797
Нет,2022,130,"['Horror', 'Mystery', 'Sci-Fi']",6.8,231719,16+,77,123277080
Поцелуй навылет,2005,103,"['Comedy', 'Crime', 'Mystery']",7.5,231698,R,72,4243756
Невозможное,2012,114,"['Adventure', 'Drama', 'History']",7.5,231186,12+,73,19019882
Судная ночь,2013,85,"['Horror', 'Sci-Fi', 'Thriller']",5.7,231016,R,41,64473115
Спящие,1996,147,"['Crime', 'Drama', 'Thriller']",7.5,230470,18+,49,49100000
Мальчик в полосатой пижаме,2008,94,"['Drama', 'War']",7.7,230468,12+,55,9030581
Бестолковые,1995,97,"['Comedy', 'Romance']",6.9,230169,12+,68,56631572
Большой,1988,104,"['Comedy', 'Drama', 'Fantasy']",7.3,230127,,73,114968774
Соседка,2004,109,"['Comedy', 'Drama', 'Romance']",6.7,230098,16+,47,14589444
Блондинка в законе,2001,96,"['Comedy', 'Romance']",6.4,230089,0+,59,96520674
8 подруг Оушена,2018,110,"['Action', 'Comedy', 'Crime']",6.3,229774,16+,61,140218711
Влюбленный Шекспир,1998,123,"['Comedy', 'Drama', 'History']",7.1,229511,0+,87,100317794
Анчартед: На картах не значится,2022,116,"['Action', 'Adventure']",6.3,229164,12+,45,148648820
Варяг,2022,137,"['Action', 'Adventure', 'Drama']",7.0,229114,16+,82,34233110
Великий диктатор,1940,125,"['Comedy', 'Drama', 'War']",8.4,229045,0+,0,288475
Хозяин морей: На краю Земли,2003,138,"['Action', 'Adventure', 'Drama']",7.5,229012,12+,81,93927920
Код доступа «Кейптаун»,2012,115,"['Action', 'Thriller']",6.7,228836,18+,52,126373434
Когда Гарри встретил Салли...,1989,95,"['Comedy', 'Drama', 'Romance']",7.7,228833,,76,92823600
Час пик 2,2001,90,"['Action', 'Comedy', 'Crime']",6.6,228792,12+,48,226164286
Штурм Белого дома,2013,131,"['Action', 'Drama', 'Thriller']",6.3,228783,PG-13,52,73103784
Ип Ман,2008,106,"['Action', 'Biography', 'Drama']",8.0,228656,16+,59,0
Наполеон Динамит,2004,96,['Comedy'],6.9,227868,12+,64,44540956
Тоня против всех,2017,119,"['Biography', 'Comedy', 'Drama']",7.5,227693,18+,77,30014539
Близость,2004,104,"['Drama', 'Romance']",7.2,227643,16+,65,33987757
Клерки,1994,92,['Comedy'],7.7,227470,18+,70,3151130
Sunset Blvd.,1950,110,"['Drama', 'Film-Noir']",8.4,227251,,94,0
Мартовские иды,2011,101,"['Drama', 'Thriller']",7.1,226369,16+,67,40962534
Ковбои против пришельцев,2011,119,"['Action', 'Drama', 'Sci-Fi']",6.0,226307,12+,50,100240551
Привидение,1990,127,"['Drama', 'Fantasy', 'Romance']",7.1,226000,14+,52,217631306
Дракула,1992,128,"['Drama', 'Fantasy', 'Horror']",7.4,225949,18+,57,82522790
Мост через реку Квай,1957,161,"['Adventure', 'Drama', 'War']",8.1,225932,PG,87,44908000
Блэйд 2,2002,117,"['Action', 'Horror', 'Sci-Fi']",6.7,225919,18+,52,82348319
Капитан Фантастик,2016,118,"['Comedy', 'Drama']",7.8,225719,R,72,5875006
Большой папа,1999,93,"['Comedy', 'Drama']",6.4,225566,0+,41,163479795
Здесь курят,2005,92,"['Comedy', 'Drama']",7.5,225274,18+,71,24792061
Эйс Вентура 2: Когда зовёт природа,1995,90,"['Adventure', 'Comedy', 'Crime']",6.4,225221,12+,45,108385533
Рокки Бальбоа,2006,102,"['Action', 'Drama', 'Sport']",7.1,224911,14+,63,70270943
Путь Карлито,1993,144,"['Crime', 'Drama', 'Thriller']",7.9,224749,16+,66,36948322
Голая правда,2009,96,"['Comedy', 'Romance']",6.4,224481,16+,28,88915214
Эверест,2015,121,"['Action', 'Adventure', 'Biography']",7.1,224394,12+,64,43482270
Сорвиголова,2003,103,"['Action', 'Crime']",5.3,224285,12+,42,102543520
Ребенок Розмари,1968,137,"['Drama', 'Horror']",8.0,223891,,96,0
Меч короля Артура,2017,126,"['Action', 'Adventure', 'Drama']",6.7,223890,16+,41,39175066
Планета обезьян,2001,119,"['Action', 'Adventure', 'Sci-Fi']",5.7,223763,12+,50,180011740
Per un pugno di dollari,1964,99,"['Action', 'Drama', 'Western']",7.9,223744,16+,65,14500000
"Умри, но не сейчас",2002,133,"['Action', 'Adventure', 'Thriller']",6.1,223729,12+,56,160942139
Форсаж: Хоббс и Шоу,2019,137,"['Action', 'Adventure', 'Thriller']",6.5,223518,12+,60,173956935
Семейка Крудс,2013,98,"['Animation', 'Action', 'Adventure']",7.2,223083,0+,55,187168425
Повар на колесах,2014,114,"['Adventure', 'Comedy', 'Drama']",7.3,223006,12+,68,30640336
Догма,1999,130,"['Adventure', 'Comedy', 'Drama']",7.3,222923,16+,62,30651422
Кровью и потом: Анаболики,2013,129,"['Action', 'Comedy', 'Crime']",6.4,222913,R,45,49875291
Полярный экспресс,2004,100,"['Animation', 'Adventure', 'Comedy']",6.6,222861,6+,61,183373735
Напряги извилины,2008,110,"['Action', 'Adventure', 'Comedy']",6.5,222831,16+,54,130319208
Вспоминая Титанов,2000,113,"['Biography', 'Drama', 'Sport']",7.8,222751,12+,48,115654751
Матч Поинт,2005,124,"['Drama', 'Romance', 'Thriller']",7.6,222643,R,72,23089926
Зловещие мертвецы,1981,85,['Horror'],7.4,222145,18+,71,2400000
Управление гневом,2003,106,['Comedy'],6.2,221620,12+,52,135645823
Впусти меня,2008,114,"['Drama', 'Fantasy', 'Horror']",7.9,221572,16+,82,2122065
Мизери,1990,107,"['Drama', 'Thriller']",7.8,221449,16+,75,61276872
Rocky II,1979,119,"['Drama', 'Sport']",7.3,221328,16+,61,0
Вам письмо,1998,119,"['Comedy', 'Drama', 'Romance']",6.7,221019,12+,57,115821495
Бутч Кэссиди и Санденс Кид,1969,110,"['Biography', 'Crime', 'Drama']",8.0,220973,12+,66,102308889
Призрак в доспехах,2017,107,"['Action', 'Crime', 'Drama']",6.3,220954,16+,52,40563557
Годзилла против Конга,2021,113,"['Action', 'Sci-Fi', 'Thriller']",6.3,220486,12+,59,100916094
Проект X: Дорвались,2012,88,['Comedy'],6.6,220310,18+,48,54731865
